Datetime, Timestamp, Low, High, Open, Close, Vol
6/4/2018 0:00,1528070400,7447.61,7747.57,7706.37,7486.34,6034.261699
6/3/2018 0:00,1527984000,7583.24,7777,7636.41,7706.37,5206.863452
6/2/2018 0:00,1527897600,7440,7697.09,7514.32,7636.42,5070.864946
6/1/2018 0:00,1527811200,7351.01,7599.99,7485,7514.32,6936.820624
5/31/2018 0:00,1527724800,7340,7609.99,7380,7485,6066.568943
5/30/2018 0:00,1527638400,7272.71,7557.78,7460,7380.01,6250.204776
5/29/2018 0:00,1527552000,7058,7524.99,7107.94,7460,10349.06459
5/28/2018 0:00,1527465600,7087,7444.8,7346.64,7107.94,7785.665665
5/27/2018 0:00,1527379200,7229.01,7392.7,7337.94,7346.64,4565.960941
5/26/2018 0:00,1527292800,7287.23,7640.46,7459.11,7337.95,4572.291631
5/25/2018 0:00,1527206400,7326.94,7661.85,7584.15,7459.11,8681.380044
5/24/2018 0:00,1527120000,7269,7734.99,7505.01,7584.15,11375.35537
5/23/2018 0:00,1527033600,7433.19,8030.06,7987.7,7505,15889.47945
5/22/2018 0:00,1526947200,7950,8400,8393.43,7987.7,6905.266002
5/21/2018 0:00,1526860800,8309.23,8584.39,8516.86,8393.44,5125.878383
5/20/2018 0:00,1526774400,8172,8600,8235.6,8516.86,4478.451655
5/19/2018 0:00,1526688000,8152.54,8390,8238.51,8235.6,4198.420451
5/18/2018 0:00,1526601600,7927.21,8280,8059,8238.51,8239.274864
5/17/2018 0:00,1526515200,8001,8483.48,8344.01,8059,8477.106924
5/16/2018 0:00,1526428800,8103.33,8500,8477.47,8344,10858.39139
5/15/2018 0:00,1526342400,8420.45,8847,8670,8477.46,10892.26535
5/14/2018 0:00,1526256000,8289.79,8880.01,8686.1,8670,14127.54658
5/13/2018 0:00,1526169600,8345,8774.32,8474.31,8686.1,6678.594312
5/12/2018 0:00,1526083200,8223.43,8658.57,8403.33,8475,11391.38207
5/11/2018 0:00,1525996800,8351,9010.51,9010.51,8403.33,17511.82617
5/10/2018 0:00,1525910400,9001.01,9386.32,9300.08,9010.51,7592.823915
5/9/2018 0:00,1525824000,8960,9370,9177.81,9300.08,8628.870384
5/8/2018 0:00,1525737600,9050,9463.13,9356.25,9177.82,9561.918065
5/7/2018 0:00,1525651200,9162.85,9619.55,9600,9356.25,9823.341818
5/6/2018 0:00,1525564800,9390,9880,9799.99,9600,7592.051752
5/5/2018 0:00,1525478400,9660.28,9948.12,9685,9800,9390.688571
5/4/2018 0:00,1525392000,9451.5,9745,9725.74,9685,10837.79679
5/3/2018 0:00,1525305600,9131,9800,9190.47,9725.74,14956.03121
5/2/2018 0:00,1525219200,8990,9251.05,9072.29,9190.48,8823.737629
5/1/2018 0:00,1525132800,8831.21,9245.37,9243.83,9072.29,11372.35045
4/30/2018 0:00,1525046400,9110.88,9447,9389.01,9243.83,8862.273201
4/29/2018 0:00,1524960000,9179.99,9512.5,9329.99,9389.01,7937.986418
4/28/2018 0:00,1524873600,8863.42,9447,8922.56,9329.99,8849.35261
4/27/2018 0:00,1524787200,8910,9369,9272.12,8922.55,12076.20685
4/26/2018 0:00,1524700800,8660,9318,8865.98,9272.12,15215.81474
4/25/2018 0:00,1524614400,8602.43,9763.49,9645,8865.98,31579.10825
4/24/2018 0:00,1524528000,8930,9728.56,8931.31,9650,20837.8355
4/23/2018 0:00,1524441600,8775.1,8991,8795,8931.3,8040.33558
4/22/2018 0:00,1524355200,8754.01,9015,8915.42,8795.01,7802.325927
4/21/2018 0:00,1524268800,8610.7,9038.87,8866.27,8915.42,12270.61194
4/20/2018 0:00,1524182400,8216.21,8932.57,8274,8866.27,16412.58572
4/19/2018 0:00,1524096000,8101.47,8300,8152.05,8274,11932.90526
4/18/2018 0:00,1524009600,7879.8,8243.99,7892.11,8152.05,10850.70051
4/17/2018 0:00,1523923200,7822,8162.5,8048.92,7892.1,10700.35753
4/16/2018 0:00,1523836800,7905.99,8398.98,8355.24,8048.93,13403.52661
4/15/2018 0:00,1523750400,8003.11,8392.56,8003.12,8355.25,9899.540187
4/14/2018 0:00,1523664000,7830,8150,7893.19,8003.11,9338.026786
4/13/2018 0:00,1523577600,7760,8220,7915.99,7893.19,21982.71765
4/12/2018 0:00,1523491200,6767.77,8050,6943,7916,31082.70844
4/11/2018 0:00,1523404800,6806.01,6974,6825,6942.99,8182.994034
4/10/2018 0:00,1523318400,6661.19,6893.29,6771.14,6824.99,7487.678608
4/9/2018 0:00,1523232000,6617,7169.53,7020.01,6771.13,13950.51264
4/8/2018 0:00,1523145600,6880,7099.99,6894.01,7020.01,6296.834975
4/7/2018 0:00,1523059200,6605.08,7064.64,6619.01,6894.01,10351.37367
4/6/2018 0:00,1522972800,6518.88,6847,6785.86,6619.01,10694.1952
4/5/2018 0:00,1522886400,6568.64,6933.11,6791.68,6785.85,14447.35404
4/4/2018 0:00,1522800000,6708.46,7424.91,7424.91,6791.68,15310.06574
4/3/2018 0:00,1522713600,7016.8,7520,7045.01,7424.9,18923.15226
4/2/2018 0:00,1522627200,6777.28,7100,6816.01,7045.01,14317.1439
4/1/2018 0:00,1522540800,6450,7044.46,6928.5,6816.01,15417.49769
3/31/2018 0:00,1522454400,6780,7200,6848.01,6928.5,14950.4681
3/30/2018 0:00,1522368000,6600,7275.35,7080,6848.01,29307.62461
3/29/2018 0:00,1522281600,6905,7957,7942.73,7079.99,27811.30584
3/28/2018 0:00,1522195200,7727.76,8088,7793.61,7942.72,10966.69757
3/27/2018 0:00,1522108800,7757,8219.99,8144.99,7793.61,14986.85105
3/26/2018 0:00,1522022400,7854,8498,8453,8145,19389.66484
3/25/2018 0:00,1521936000,8359.45,8670,8531.96,8452.96,9047.670504
3/24/2018 0:00,1521849600,8508,8999,8927.8,8531.34,11863.24882
3/23/2018 0:00,1521763200,8280.04,8927.81,8715.09,8927.1,15264.63125
3/22/2018 0:00,1521676800,8467.27,9073.93,8891.81,8715.09,14885.55087
3/21/2018 0:00,1521590400,8745,9174,8900,8891.81,15736.35552
3/20/2018 0:00,1521504000,8316.15,9046.26,8589,8900,20468.41887
3/19/2018 0:00,1521417600,8307.24,8560,8315.56,8497.8,3806.144002
3/18/2018 0:00,1521331200,7310,8302.73,7857.59,8192,30526.27857
3/17/2018 0:00,1521244800,7751,8349.82,8274.09,7865.02,13637.70509
3/16/2018 0:00,1521158400,7911,8600,8260,8275,16960.2883
3/15/2018 0:00,1521072000,7666,8400,8207.02,8259.99,28011.84251
3/14/2018 0:00,1520985600,7931,9340,9145.42,8207.03,27751.77065
3/13/2018 0:00,1520899200,8855,9472.88,9120,9145.41,17189.94574
3/12/2018 0:00,1520812800,8780.49,9890,9533.88,9120,21153.81367
3/11/2018 0:00,1520726400,8516,9760,8795.45,9533.88,21706.75748
3/10/2018 0:00,1520640000,8720.08,9518.77,9255,8795.44,17253.47557
3/9/2018 0:00,1520553600,8370,9410,9304.9,9255,41958.06
3/8/2018 0:00,1520467200,9050,10098,9925,9304.9,23320.34425
3/7/2018 0:00,1520380800,9400,10894,10700,9920,32412.54884
3/6/2018 0:00,1520294400,10565.85,11395.63,11371.5,10700,18305.57837
3/5/2018 0:00,1520208000,11339,11645.74,11469.9,11377.54,11051.42858
3/4/2018 0:00,1520121600,11041,11487,11432.51,11469.9,8633.594427
3/3/2018 0:00,1520035200,11000,11494.57,11000.01,11432.5,13198.01802
3/2/2018 0:00,1519948800,10765,11149,10895.93,11000,13837.31984
3/1/2018 0:00,1519862400,10213.99,11075,10307.26,10895.92,15390.55106
2/28/2018 0:00,1519776000,10263,11044,10556.3,10307.27,19669.31712
2/27/2018 0:00,1519689600,10133.33,10845.07,10300,10566.57,18216.01841
2/26/2018 0:00,1519603200,9404,10447.74,9600,10300,19118.77983
2/25/2018 0:00,1519516800,9324.75,9850,9688.61,9597.99,11707.16067
2/24/2018 0:00,1519430400,9372.72,10494.14,10144.99,9688.62,19727.94903
2/23/2018 0:00,1519344000,9576.43,10390.77,9830,10144.99,20776.53618
2/22/2018 0:00,1519257600,9715.27,10900,10453.83,9830,28095.85651
2/21/2018 0:00,1519171200,10250,11279.99,11235.57,10454.27,30033.22589
2/20/2018 0:00,1519084800,11000,11775,11140,11235.57,28425.11657
2/19/2018 0:00,1518998400,10297.39,11274.11,10380.03,11140,17633.2567
2/18/2018 0:00,1518912000,10159,11299.1,11121.5,10380.04,26974.27419
2/17/2018 0:00,1518825600,10057,11149,10167.49,11121.5,20773.70416
2/16/2018 0:00,1518739200,9729.58,10307.68,10031.23,10167.49,17843.54591
2/15/2018 0:00,1518652800,9342.46,10249.81,9472.98,10031.23,32371.05691
2/14/2018 0:00,1518566400,8520,9482.5,8520.01,9472.98,24369.27754
2/13/2018 0:00,1518480000,8393.1,8925,8872.27,8520.01,13952.54755
2/12/2018 0:00,1518393600,8072.99,8950,8073,8872.28,19717.62029
2/11/2018 0:00,1518307200,7851,8547.49,8547.48,8072.99,16803.76839
2/10/2018 0:00,1518220800,8155,9090,8671,8547.49,24876.86491
2/9/2018 0:00,1518134400,7750,8700,8218.07,8671.01,27554.32194
2/8/2018 0:00,1518048000,7550,8625,7575.76,8218.1,31646.91252
2/7/2018 0:00,1517961600,7212.82,8650,7688.47,7575.75,50891.54973
2/6/2018 0:00,1517875200,5873,7948.89,6905.2,7688.46,91890.49577
2/5/2018 0:00,1517788800,6425.75,8349.16,8167.9,6905.19,59575.37152
2/4/2018 0:00,1517702400,7859,9350,9227.8,8167.91,24059.18802
2/3/2018 0:00,1517616000,8115.48,9499,8787.52,9240,23684.29437
2/2/2018 0:00,1517529600,7540,9090.08,9014.22,8787.52,52037.55235
2/1/2018 0:00,1517443200,8400,10166.25,10099.99,9014.23,38152.39045
1/31/2018 0:00,1517356800,9601.02,10299.95,9995,10099.99,19533.0302
1/30/2018 0:00,1517270400,9711.11,11150,11123.01,9995,27583.83796
1/29/2018 0:00,1517184000,10840,11570,11536,11123.01,11162.53595
1/28/2018 0:00,1517097600,11234.38,11697.24,11319,11536,13684.86905
1/27/2018 0:00,1517011200,10850,11494.08,11086.88,11319,12301.08532
1/26/2018 0:00,1516924800,10305,11570,11118,11086.89,19343.27195
1/25/2018 0:00,1516838400,10851,11690,11356.8,11118,13801.7896
1/24/2018 0:00,1516752000,10450,11450,10824.95,11356.79,15159.46298
1/23/2018 0:00,1516665600,9945,11370,10766.7,10824.94,21897.00223
1/22/2018 0:00,1516579200,10025,11849,11518.17,10766.7,24352.47027
1/21/2018 0:00,1516492800,11118,12762.8,12762.8,11518.17,16425.31151
1/20/2018 0:00,1516406400,11498.99,12985.55,11499,12762.8,18749.89039
1/19/2018 0:00,1516320000,11050,11973.99,11305.53,11498.99,15959.30876
1/18/2018 0:00,1516233600,10687.21,12123.1,11204.64,11305.53,30134.64183
1/17/2018 0:00,1516147200,9005,12358.89,11570.01,11200.01,63957.23019
1/16/2018 0:00,1516060800,9928.62,13643.66,13590,11570.01,62196.53503
1/15/2018 0:00,1515974400,13416,14253,13656.23,13590,10511.68507
1/14/2018 0:00,1515888000,13110,14332.85,14187.94,13656.23,10783.39314
1/13/2018 0:00,1515801600,13792.25,14500,13820,14187.95,10490.82382
1/12/2018 0:00,1515715200,12900,14080.83,13308.06,13820,14816.74721
1/11/2018 0:00,1515628800,12800.01,14970,14875.17,13308.06,28879.86651
1/10/2018 0:00,1515542400,13550.01,14875.18,14481,14875.18,22654.63168
1/9/2018 0:00,1515456000,14230,15384,14993.73,14480.99,15382.53098
1/8/2018 0:00,1515369600,14000,16275,16174.22,14993.74,23150.46762
1/7/2018 0:00,1515283200,15755.01,17115.01,17099,16174.22,12341.07085
1/6/2018 0:00,1515196800,16251.01,17174,16960.01,17098.99,14104.18146
1/5/2018 0:00,1515110400,14819.78,17178,15145,16960.01,22917.01765
1/4/2018 0:00,1515024000,14230,15400,15098.23,15144.99,20010.43496
1/3/2018 0:00,1514937600,14628,15400,14781.52,15098.14,17867.70213
1/2/2018 0:00,1514851200,13005,15275,13480,14781.51,26387.79413
1/1/2018 0:00,1514764800,12952.5,13889,13863.14,13480.01,12292.1533
12/31/2017 0:00,1514678400,12633.8,14280.26,12839.98,13863.13,18604.18398
12/30/2017 0:00,1514592000,12500,14639.79,14565.04,12839.99,28780.68956
12/29/2017 0:00,1514505600,14041.81,15105.34,14450.01,14565.05,18474.94782
12/28/2017 0:00,1514419200,13500,15489,15360.01,14450.01,31266.75623
12/27/2017 0:00,1514332800,14524.37,16490,15790.88,15367.08,24953.26287
12/26/2017 0:00,1514246400,14171.98,16148,14171.99,15790.88,22462.56401
12/25/2017 0:00,1514160000,13450,14774,14221.93,14171.98,15425.34695
12/24/2017 0:00,1514073600,13210,15109.27,15075.89,14221.94,24834.82067
12/23/2017 0:00,1513987200,13750,16261,14229.47,15075.89,30793.21415
12/22/2017 0:00,1513900800,10400,15974.95,15758.8,14210.57,103036.5357
12/21/2017 0:00,1513814400,15151,17364.57,16496.9,15758.8,28737.59503
12/20/2017 0:00,1513728000,14001,17890,17838.73,16496.89,47979.10301
12/19/2017 0:00,1513641600,16800,19099,19039.01,17838.73,32145.81048
12/18/2017 0:00,1513555200,18200,19385,19378.99,19039.01,26383.85821
12/17/2017 0:00,1513468800,19010,19891.99,19650.02,19378.99,21467.90058
12/16/2017 0:00,1513382400,17630,19797,17738.68,19650.01,24840.115
12/15/2017 0:00,1513296000,16745,17899,16749.79,17738.67,28605.29933
12/14/2017 0:00,1513209600,16256,17199.6,16689.62,16749.78,16329.3035
12/13/2017 0:00,1513123200,15700,17900,17730.12,16689.61,31844.20439
12/12/2017 0:00,1513036800,16375,18149.99,16885.76,17730.12,38218.84482
12/11/2017 0:00,1512950400,15200,17493,15290.01,16885.76,41163.65361
12/10/2017 0:00,1512864000,13501,16300,15309.99,15290.01,52871.31425
12/9/2017 0:00,1512777600,13550,16499,16367.03,15309.98,41168.59694
12/8/2017 0:00,1512691200,13788.99,17777.69,17390.01,16367.03,68496.8916
12/7/2017 0:00,1512604800,13500,19697,14090,17390.01,84513.11186
12/6/2017 0:00,1512518400,11717.5,14425,11718.34,14090,51353.20276
12/5/2017 0:00,1512432000,11532,11875,11643.99,11718.35,17711.46812
12/4/2017 0:00,1512345600,10950,11650,11290,11643.98,20180.78653
12/3/2017 0:00,1512259200,10601,11891,10930.24,11290,31415.65084
12/2/2017 0:00,1512172800,10701,11100,10869.85,10930.24,20197.0181
12/1/2017 0:00,1512086400,9517,10937,9903.01,10869.84,33257.43098
11/30/2017 0:00,1512000000,9135.6,10850,9920.81,9903,42531.48776
11/29/2017 0:00,1511913600,8595.55,11485,9949,9935.98,70209.19883
11/28/2017 0:00,1511827200,9705.99,9989.95,9768.71,9949,18958.89551
11/27/2017 0:00,1511740800,9401,9795,9401.11,9768.71,25683.32625
11/26/2017 0:00,1511654400,8795.5,9596,8795.5,9401.11,28641.41041
11/25/2017 0:00,1511568000,8203.98,8795.5,8215.01,8795.5,16482.32786
11/24/2017 0:00,1511481600,7900,8324,8031.16,8215.01,14748.68084
11/23/2017 0:00,1511395200,8031.16,8274.98,8250,8031.16,11919.9167
11/22/2017 0:00,1511308800,8103.13,8298.98,8109,8250,13690.73176
11/21/2017 0:00,1511222400,7802.99,8375,8256.01,8109,31250.16075
11/20/2017 0:00,1511136000,7969,8293.25,8031.83,8256.01,15693.21426
11/19/2017 0:00,1511049600,7700,8098.62,7777.01,8031.82,14765.84964
11/18/2017 0:00,1510963200,7502,7847.98,7714.7,7777.01,14707.53684
11/17/2017 0:00,1510876800,7536,7988.5,7838.54,7714.71,25031.04813
11/16/2017 0:00,1510790400,7130,7985.37,7294,7838.53,29352.77615
11/15/2017 0:00,1510704000,6605,7349,6605,7294,27878.0121
11/14/2017 0:00,1510617600,6450,6748,6535.87,6605,20256.43299
11/13/2017 0:00,1510531200,5850,6841.45,5886.35,6535.87,36435.24413
11/12/2017 0:00,1510444800,5511.11,6486,6346.64,5886.35,52486.38495
11/11/2017 0:00,1510358400,6201.01,6894.99,6577.63,6346.7,25649.56708
11/10/2017 0:00,1510272000,6426,7350,7156,6577.62,34071.7777
11/9/2017 0:00,1510185600,7079,7470.01,7467.97,7156,18059.35007
11/8/2017 0:00,1510099200,7031.66,7898,7128.99,7467.96,38183.62759
11/7/2017 0:00,1510012800,6968.49,7232.84,6969.76,7126.63,14503.28232
11/6/2017 0:00,1509926400,6900.73,7432.49,7391.95,6969.76,24287.52091
11/5/2017 0:00,1509840000,7310,7630,7412.35,7392,16504.95765
11/4/2017 0:00,1509753600,7011.1,7498,7170.01,7412.55,13668.89545
11/3/2017 0:00,1509667200,6955.89,7449.99,7039.99,7170.01,24759.33131
11/2/2017 0:00,1509580800,6759,7445,6783.69,7039.98,35889.1766
11/1/2017 0:00,1509494400,6363.59,6784,6445.01,6783.69,20571.5532
10/31/2017 0:00,1509408000,6095.96,6472.13,6124.16,6445.01,15024.49559
10/30/2017 0:00,1509321600,6028,6200,6140.01,6124.16,8341.532446
10/29/2017 0:00,1509235200,5728,6298.99,5752.01,6140.01,12509.85515
10/28/2017 0:00,1509148800,5715,5894,5780,5752.01,5453.797989
10/27/2017 0:00,1509062400,5708.8,5998,5891.61,5780,9337.844125
10/26/2017 0:00,1508976000,5701,6000,5739.97,5891.61,11850.82719
10/25/2017 0:00,1508889600,5376.71,5765,5525.43,5739.97,14150.98632
10/24/2017 0:00,1508803200,5462.19,5906,5906,5525.43,18281.06519
10/23/2017 0:00,1508716800,5650.98,6057.02,6005.05,5905.99,16446.78333
10/22/2017 0:00,1508630400,5755.95,6082.3,6024.85,6005.05,10770.42951
10/21/2017 0:00,1508544000,5868.26,6189.1,5989.1,6024.86,14612.72147
10/20/2017 0:00,1508457600,5630,6063.99,5704,5989.1,16708.98156
10/19/2017 0:00,1508371200,5529.44,5750,5574.02,5704.01,8908.556522
10/18/2017 0:00,1508284800,5102,5600,5593.97,5574.44,17620.4415
10/17/2017 0:00,1508198400,5525,5769.99,5754.9,5594,9119.36177
10/16/2017 0:00,1508112000,5575.55,5785.3,5693.7,5754.9,8820.355379
10/15/2017 0:00,1508025600,5455.5,5849.83,5819.13,5693.7,11817.32829
10/14/2017 0:00,1507939200,5567.86,5839.8,5624.87,5819.13,8999.203676
10/13/2017 0:00,1507852800,5390,5867,5440,5624.8,26595.76225
10/12/2017 0:00,1507766400,4809.59,5440.92,4814.99,5440,20097.68846
10/11/2017 0:00,1507680000,4720.21,4869.97,4750,4814.99,7238.878762
10/10/2017 0:00,1507593600,4701.53,4925.65,4769.55,4750,13709.64306
10/9/2017 0:00,1507507200,4561,4875.39,4603.5,4769.55,14273.82343
10/8/2017 0:00,1507420800,4420.01,4612,4425,4603.49,7158.20028
10/7/2017 0:00,1507334400,4320,4449.42,4363,4425,4178.250893
10/6/2017 0:00,1507248000,4299.99,4407,4320.02,4362.99,6441.725604
10/5/2017 0:00,1507161600,4150.01,4365.21,4214.84,4320.04,6482.327784
10/4/2017 0:00,1507075200,4175.3,4344,4307.99,4214.84,6555.270969
10/3/2017 0:00,1506988800,4240,4419.95,4392.71,4307.99,10606.10622
10/2/2017 0:00,1506902400,4354.23,4470,4394.81,4392.71,8647.527992
10/1/2017 0:00,1506816000,4256.92,4396.99,4339.01,4394.81,5366.91197
9/30/2017 0:00,1506729600,4143.52,4356.28,4156.99,4339,6235.078456
9/29/2017 0:00,1506643200,4015.17,4212.99,4189.42,4156.99,10360.83388
9/28/2017 0:00,1506556800,4122,4269.95,4200,4189.42,7897.176891
9/27/2017 0:00,1506470400,3880.36,4228.39,3885.09,4200,12072.6687
9/26/2017 0:00,1506384000,3854.29,3960,3919.98,3885.09,5893.223538
9/25/2017 0:00,1506297600,3669.01,3969.37,3669.01,3919.78,9583.737589
9/24/2017 0:00,1506211200,3630.01,3789.36,3787.33,3669.01,4692.790902
9/23/2017 0:00,1506124800,3580,3818.89,3619.01,3787.33,6595.935307
9/22/2017 0:00,1506038400,3509.79,3767.77,3617.47,3619.01,12648.8213
9/21/2017 0:00,1505952000,3571,3903.57,3872.07,3617.47,14978.48543
9/20/2017 0:00,1505865600,3850.01,4044,3910.11,3872.06,9910.401114
9/19/2017 0:00,1505779200,3850.44,4125.22,4100,3910.11,13781.15539
9/18/2017 0:00,1505692800,3717.56,4130,3719.98,4100,16906.72339
9/17/2017 0:00,1505606400,3475.64,3841,3726.51,3719.97,11718.8802
9/16/2017 0:00,1505520000,3600,4042.98,3740.02,3726.51,19031.67597
9/15/2017 0:00,1505433600,2975.01,3894.48,3249.99,3740.02,54488.48242
9/14/2017 0:00,1505347200,3230.05,3923,3855.61,3250.4,36338.02725
9/13/2017 0:00,1505260800,3726,4174.53,4164.52,3855.32,22842.53226
9/12/2017 0:00,1505174400,4080,4375.37,4210.72,4164.52,12373.39858
9/11/2017 0:00,1505088000,4111.14,4365,4251.36,4210.72,9068.255076
9/10/2017 0:00,1505001600,4139,4349.99,4334.36,4251.36,10076.12879
9/9/2017 0:00,1504915200,4180,4449.95,4350,4334.36,10073.89559
9/8/2017 0:00,1504828800,4140,4679.99,4624.18,4350,22102.27913
9/7/2017 0:00,1504742400,4475.01,4665.44,4616.18,4624.18,8455.04148
9/6/2017 0:00,1504656000,4431,4692,4432.51,4616.18,16174.30433
9/5/2017 0:00,1504569600,4242.38,4514.95,4498.46,4432.51,17315.43019
9/4/2017 0:00,1504483200,4234.16,4628.05,4626.05,4498.25,20518.88448
9/3/2017 0:00,1504396800,4524,4749.99,4642.39,4626.05,11568.85877
9/2/2017 0:00,1504310400,4500,4980,4948,4649.99,19577.18875
9/1/2017 0:00,1504224000,4706,4948,4743.94,4947.99,16759.14361
8/31/2017 0:00,1504137600,4580.84,4769.03,4581.98,4743.94,13628.45778
8/30/2017 0:00,1504051200,4500.55,4635.21,4599.01,4581.98,10383.4343
8/29/2017 0:00,1503964800,4350,4656.83,4384.99,4599,14509.95812
8/28/2017 0:00,1503878400,4200,4396,4343.5,4384.99,10452.60382
8/27/2017 0:00,1503792000,4309.87,4392,4344.32,4340.11,7041.344202
8/26/2017 0:00,1503705600,4260.01,4374.39,4360,4344.32,6146.478762
8/25/2017 0:00,1503619200,4284.01,4453.9,4312.03,4360,10918.77973
8/24/2017 0:00,1503532800,4112.76,4349.99,4142.5,4312.03,10247.98421
8/23/2017 0:00,1503446400,4058.26,4247.88,4092,4143.49,11746.00415
8/22/2017 0:00,1503360000,3583.46,4145,4002,4092,21921.77905
8/21/2017 0:00,1503273600,3950.88,4089.99,4050.99,4002,12417.65708
8/20/2017 0:00,1503187200,4044.52,4190.21,4157.41,4050.99,8331.872359
8/19/2017 0:00,1503100800,4000,4186.1,4101.72,4157.41,10502.74082
8/18/2017 0:00,1503014400,3960.47,4350,4280.01,4101.72,20823.05142
8/17/2017 0:00,1502928000,4180,4469,4370.01,4280.01,19980.89161
8/16/2017 0:00,1502841600,3928.82,4385.5,4159.93,4370.01,17969.62621
8/15/2017 0:00,1502755200,3807.14,4434.42,4320.53,4159.93,32018.06822
8/14/2017 0:00,1502668800,3985.01,4328,4060.47,4320.6,20059.96197
8/13/2017 0:00,1502582400,3850,4200,3874,4060.47,23522.14199
8/12/2017 0:00,1502496000,3622.87,3974,3656.14,3874,18972.14336
8/11/2017 0:00,1502409600,3416.86,3725,3444.98,3656.15,15315.75236
8/10/2017 0:00,1502323200,3317,3448,3342.8,3444.98,9348.359149
8/8/2017 0:00,1502150400,3349.91,3489,3398.23,3422.43,16013.93348
8/7/2017 0:00,1502064000,3190,3416,3222.22,3398.23,11324.9162
8/6/2017 0:00,1501977600,3150,3278.42,3243.5,3222.22,8666.200782
8/5/2017 0:00,1501891200,2857.34,3335,2857.34,3243.49,21614.60061
8/4/2017 0:00,1501804800,2760,2877.79,2787.05,2857.34,7714.98048
8/3/2017 0:00,1501718400,2699.89,2799,2699.9,2787.02,7425.957456
8/2/2017 0:00,1501632000,2650,2758.06,2731.6,2699.9,8422.275377
8/1/2017 0:00,1501545600,2676.01,2925,2856.89,2732.59,9772.969475
7/31/2017 0:00,1501459200,2700,2900,2723.99,2856.88,11460.18024
7/30/2017 0:00,1501372800,2500,2739.98,2700.2,2723.99,8453.322768
7/29/2017 0:00,1501286400,2656,2790.99,2786.07,2700.21,9860.132241
7/28/2017 0:00,1501200000,2655.55,2825.11,2664.99,2786.07,17189.24674
7/27/2017 0:00,1501113600,2514.1,2686.2,2525.98,2664.99,10034.52707
7/26/2017 0:00,1501027200,2403,2614,2564,2525.99,13015.85522
7/25/2017 0:00,1500940800,2449.69,2782.44,2761.68,2564,19195.55261
7/24/2017 0:00,1500854400,2726.8,2799.2,2755.19,2762.26,8105.645112
7/23/2017 0:00,1500768000,2691,2848,2825.27,2754.28,10194.97475
7/22/2017 0:00,1500681600,2646.95,2869.88,2661.05,2825.27,12225.61764
7/21/2017 0:00,1500595200,2608.27,2880,2873.45,2657.45,23062.09494
7/20/2017 0:00,1500508800,2258.99,2957,2258.99,2873.48,36509.16787
7/19/2017 0:00,1500422400,2216,2396,2307.48,2258.99,18567.47611
7/18/2017 0:00,1500336000,2134.37,2393.43,2235.14,2308.15,23784.96983
7/17/2017 0:00,1500249600,1909.58,2238.07,1911.79,2235.19,21436.76454
7/16/2017 0:00,1500163200,1758.2,2043.94,1964.33,1911.78,21740.89274
7/15/2017 0:00,1500076800,1964.31,2224.82,2217.02,1964.31,16334.58965
7/14/2017 0:00,1499990400,2150,2349.28,2340,2217.24,13548.87781
7/13/2017 0:00,1499904000,2308.14,2416.79,2384.35,2340,9541.539433
7/12/2017 0:00,1499817600,2250,2415,2309.62,2383.42,13834.47197
7/11/2017 0:00,1499731200,2265,2410,2330.93,2310.01,15670.55065
7/10/2017 0:00,1499644800,2250,2523,2508,2331.05,15554.00509
7/9/2017 0:00,1499558400,2500,2579.84,2560.84,2508.99,5647.434269
7/8/2017 0:00,1499472000,2471.22,2563.5,2501.15,2561.11,7869.881313
7/7/2017 0:00,1499385600,2472,2607.61,2604.89,2501.15,11640.78157
7/6/2017 0:00,1499299200,2580.69,2623.54,2616.96,2604.84,8207.233652
7/5/2017 0:00,1499212800,2551.06,2630.24,2602,2616.96,10183.6301
7/4/2017 0:00,1499126400,2542.18,2636.1,2542.41,2602,10680.56522
7/3/2017 0:00,1499040000,2479.75,2584.78,2515.37,2542.41,10045.82282
7/2/2017 0:00,1498953600,2385,2545,2424.08,2516.66,9098.289199
7/1/2017 0:00,1498867200,2400,2515,2455.19,2423.63,8448.088799
6/30/2017 0:00,1498780800,2446.2,2554.01,2531.16,2455.19,11860.95944
6/29/2017 0:00,1498694400,2506.1,2591.98,2553.13,2530,9048.16102
6/28/2017 0:00,1498608000,2457,2605,2573.22,2553.12,16240.95462
6/27/2017 0:00,1498521600,2264,2575.75,2407.91,2575.75,22151.51962
6/26/2017 0:00,1498435200,2258.34,2563.9,2505.61,2407.91,20262.76215
6/25/2017 0:00,1498348800,2430.05,2625,2574.86,2505.61,13739.17134
6/24/2017 0:00,1498262400,2503.05,2718.37,2690.76,2574.84,12808.46796
6/23/2017 0:00,1498176000,2665,2743,2679.93,2690.76,9674.140147
6/22/2017 0:00,1498089600,2598,2724.69,2643.33,2679.99,12179.55378
6/21/2017 0:00,1498003200,2559.51,2781.59,2725.11,2643.35,18062.07008
6/20/2017 0:00,1497916800,2585.42,2776.95,2596.99,2725.08,19229.26066
6/19/2017 0:00,1497830400,2481.92,2597,2515.25,2596.98,13928.55869
6/18/2017 0:00,1497744000,2455.01,2670,2634.94,2515.25,13831.58865
6/17/2017 0:00,1497657600,2413.96,2679.24,2480.44,2634.94,17601.30411
6/16/2017 0:00,1497571200,2287.84,2524.65,2409.98,2480.43,21891.95772
6/15/2017 0:00,1497484800,2050,2525,2432.21,2409.98,42025.04188
6/14/2017 0:00,1497398400,2330,2827,2709.02,2432.21,28254.38486
6/13/2017 0:00,1497312000,2649.47,2798.99,2654.36,2709.01,19716.97419
6/12/2017 0:00,1497225600,2463.89,2999.99,2998.98,2655.71,38941.18214
6/11/2017 0:00,1497139200,2881,2998.99,2931.16,2998.98,16294.29304
6/10/2017 0:00,1497052800,2801.25,2942.04,2811.37,2931.15,18734.03191
6/9/2017 0:00,1496966400,2786.2,2861.58,2799.76,2811.39,11440.33562
6/8/2017 0:00,1496880000,2611.41,2808.78,2690.02,2799.73,13453.68916
6/7/2017 0:00,1496793600,2598.7,2885,2871.29,2685.64,19476.18369
6/6/2017 0:00,1496707200,2674.69,2938.55,2698,2871.29,28609.06198
6/5/2017 0:00,1496620800,2517.02,2698,2521.43,2698,13599.7689
6/4/2017 0:00,1496534400,2469.98,2556.1,2548.3,2521.36,13819.38266
6/3/2017 0:00,1496448000,2448,2599,2478.99,2548.05,13441.8888
6/2/2017 0:00,1496361600,2379.44,2478.99,2419.98,2478.99,12890.65884
6/1/2017 0:00,1496275200,2302,2488,2303.61,2419.99,21390.33504
5/31/2017 0:00,1496188800,2173.8,2338.91,2191.6,2303.29,21726.93086
5/30/2017 0:00,1496102400,2112.31,2336.88,2279.18,2191.58,20915.99999
5/29/2017 0:00,1496016000,2141.12,2357.86,2237,2279.48,16926.34457
5/28/2017 0:00,1495929600,2099.86,2342.99,2099.99,2232.78,18342.68197
5/27/2017 0:00,1495843200,1913.19,2353.35,2276.46,2099.99,32466.17086
5/26/2017 0:00,1495756800,2052.01,2683.18,2362.17,2272.7,31755.77262
5/25/2017 0:00,1495670400,2226.86,2806,2432.96,2355,37192.61341
5/24/2017 0:00,1495584000,2266.51,2474.69,2272.74,2432.97,24659.71425
5/23/2017 0:00,1495497600,2100.86,2283,2123.29,2272.75,17640.93852
5/22/2017 0:00,1495411200,1975,2298,2056.99,2123.29,29431.52435
5/21/2017 0:00,1495324800,1988.6,2102.68,2058.89,2057,17762.48439
5/20/2017 0:00,1495238400,1970.04,2059,1976.22,2058.91,13175.28271
5/19/2017 0:00,1495152000,1890.73,1980,1899.47,1976.23,18968.8687
5/18/2017 0:00,1495065600,1800,1900,1813.23,1899.16,11390.33436
5/17/2017 0:00,1494979200,1745.05,1840,1777.49,1813.23,13813.10144
5/16/2017 0:00,1494892800,1690.14,1777.76,1747.81,1777.48,11414.50874
5/15/2017 0:00,1494806400,1702.42,1802.99,1799.98,1747.81,10191.85425
5/14/2017 0:00,1494720000,1763.33,1829,1791.7,1799.99,6806.485119
5/13/2017 0:00,1494633600,1610,1792.96,1695.56,1792.73,12379.856
5/12/2017 0:00,1494547200,1651.01,1838,1837.98,1695.61,16526.29535
5/11/2017 0:00,1494460800,1770.95,1889,1794.95,1837.93,15726.1046
5/10/2017 0:00,1494374400,1691.3,1799.99,1720.24,1794.99,13458.23718
5/9/2017 0:00,1494288000,1630,1794.7,1712.99,1720.43,19878.96883
5/8/2017 0:00,1494201600,1608,1713,1611.1,1713,15894.92006
5/7/2017 0:00,1494115200,1563.87,1618.31,1585.49,1609.57,11737.56998
5/6/2017 0:00,1494028800,1551.3,1598.89,1551.3,1585.39,9367.705013
5/5/2017 0:00,1493942400,1535.11,1630,1561.47,1551.3,16888.16133
5/4/2017 0:00,1493856000,1482.06,1665,1533,1563.39,26721.10592
5/3/2017 0:00,1493769600,1453.68,1533,1471.79,1533,16319.0051
5/2/2017 0:00,1493683200,1426.51,1492.93,1436.5,1471.99,12031.58419
5/1/2017 0:00,1493596800,1370.98,1466.69,1384.55,1436.5,16992.301
4/30/2017 0:00,1493510400,1334.02,1394.51,1364.98,1384.55,10541.60992
4/29/2017 0:00,1493424000,1335.64,1369.5,1352.96,1365.43,9668.985779
4/28/2017 0:00,1493337600,1300.2,1381.01,1349.77,1353.34,14008.44672
4/27/2017 0:00,1493251200,1295.39,1360,1297.56,1349.26,10484.92362
4/26/2017 0:00,1493164800,1279.5,1320,1281.18,1298.44,9597.484158
4/25/2017 0:00,1493078400,1256.16,1287,1256.65,1281.16,8117.263634
4/24/2017 0:00,1492992000,1246.31,1261.16,1251.91,1257.29,5906.259038
4/23/2017 0:00,1492905600,1236.2,1254,1246.79,1251.98,5023.525978
4/22/2017 0:00,1492819200,1221.51,1253,1249.98,1247,6147.327681
4/21/2017 0:00,1492732800,1236.15,1258.77,1236.15,1249.99,6669.145169
4/20/2017 0:00,1492646400,1212.01,1240.6,1214.22,1236.15,7747.135097
4/19/2017 0:00,1492560000,1191.09,1215.32,1201.88,1214.21,6273.615376
4/18/2017 0:00,1492473600,1189.76,1206.65,1190.95,1201.94,6269.909265
4/17/2017 0:00,1492387200,1170.85,1197.6,1177.63,1189.91,6548.066563
4/16/2017 0:00,1492300800,1171.7,1189.93,1178.84,1177.99,3084.525039
4/15/2017 0:00,1492214400,0.06,1190.99,1173.13,1178.85,3972.003146
4/14/2017 0:00,1492128000,1170.14,1196.92,1177.05,1173.74,5666.274944
4/13/2017 0:00,1492041600,1148.98,1219.49,1214.68,1177.05,9426.537457
4/12/2017 0:00,1491955200,1209.61,1227.86,1224,1214.17,6494.151562
4/11/2017 0:00,1491868800,1200,1234,1210,1223.99,5481.083298
4/10/2017 0:00,1491782400,1201,1219.78,1210.99,1210,5644.961476
4/9/2017 0:00,1491696000,1175.8,1221,1184.5,1210.97,5819.841282
4/8/2017 0:00,1491609600,1170,1198,1194,1184.5,4423.107581
4/7/2017 0:00,1491523200,1175.26,1203,1192.29,1194,6984.367979
4/6/2017 0:00,1491436800,1132.98,1206.97,1132.99,1192.3,11233.48672
4/5/2017 0:00,1491350400,1114.9,1144.99,1143.98,1132.99,8705.920184
4/4/2017 0:00,1491264000,1124.98,1164.14,1152.09,1143.99,8959.603373
4/3/2017 0:00,1491177600,1112.24,1168.72,1113.23,1152.6,12694.07861
4/2/2017 0:00,1491091200,1080,1119,1092,1113.99,7882.354255
4/1/2017 0:00,1491004800,1071.45,1110.95,1088.99,1092,6726.970428
3/31/2017 0:00,1490918400,1038.11,1094.49,1042.32,1088.99,11274.09908
3/30/2017 0:00,1490832000,1022,1052.94,1043.09,1042.34,8312.813656
3/29/2017 0:00,1490745600,1005.77,1058.16,1045.54,1043.27,8676.302769
3/28/2017 0:00,1490659200,1016.25,1069.39,1042.27,1045.4,9055.351964
3/27/2017 0:00,1490572800,961.1,1045.9,973.97,1042.08,10235.06769
3/26/2017 0:00,1490486400,943.9,1005,963.72,973.08,9503.608591
3/25/2017 0:00,1490400000,890.05,973.99,933.93,963.72,16665.09971
3/24/2017 0:00,1490313600,920.1,1030.3,1025.13,934.87,18998.31617
3/23/2017 0:00,1490227200,1013,1057.41,1038.94,1025.14,7782.58745
3/22/2017 0:00,1490140800,985.17,1114.96,1114.42,1034.57,14577.91002
3/21/2017 0:00,1490054400,1042.68,1120,1046.75,1114.42,12493.1583
3/20/2017 0:00,1489968000,1011,1051.97,1019.1,1044.96,8919.415422
3/19/2017 0:00,1489881600,961.59,1062.92,970,1019.49,13516.88951
3/18/2017 0:00,1489795200,919.44,1096,1068.78,970,23968.48396
3/17/2017 0:00,1489708800,1065.74,1175.11,1175.11,1069.57,19217.44271
3/16/2017 0:00,1489622400,1117.77,1277.27,1263.55,1175.11,16599.28971
3/15/2017 0:00,1489536000,1240,1264.55,1247.43,1263,7273.308964
3/14/2017 0:00,1489449600,1213.55,1262,1245.5,1247.42,7464.222895
3/13/2017 0:00,1489363200,1206,1249,1235.27,1245.49,9584.325719
3/12/2017 0:00,1489276800,1150,1244,1188.11,1235.58,6729.151336
3/11/2017 0:00,1489190400,1107,1219,1111.92,1188.11,10281.23815
3/10/2017 0:00,1489104000,956.85,1360,1197.3,1109.01,25691.11239
3/9/2017 0:00,1489017600,1131.11,1214.95,1150.22,1197.3,8524.455133
3/8/2017 0:00,1488931200,1128,1246,1237.36,1150.22,13017.11732
3/7/2017 0:00,1488844800,1050,1288,1284.99,1237.36,10811.1348
3/6/2017 0:00,1488758400,1268.78,1288,1278.63,1284.99,4763.573312
3/5/2017 0:00,1488672000,1247.11,1278.99,1273.94,1278.98,3996.533868
3/4/2017 0:00,1488585600,1226.41,1294.48,1293.06,1273.97,6385.030906
3/3/2017 0:00,1488499200,1255.61,1294.99,1269.17,1292.86,8290.62821
3/2/2017 0:00,1488412800,1220,1298.61,1230,1269.17,8940.263351
3/1/2017 0:00,1488326400,1085.71,1230,1194.53,1230,8122.935683
2/28/2017 0:00,1488240000,1179.64,1214.94,1195.84,1195.08,6720.382369
2/27/2017 0:00,1488153600,1176,1198.99,1184.91,1195.81,5776.456217
2/26/2017 0:00,1488067200,1130.88,1187.33,1157.98,1184.91,4454.443995
2/25/2017 0:00,1487980800,1110,1189.49,1186.91,1158,6032.892428
2/24/2017 0:00,1487894400,1103.32,1221.93,1185.81,1186.91,12745.79745
2/23/2017 0:00,1487808000,1128.22,1197,1129.87,1186.9,7574.459959
2/22/2017 0:00,1487721600,1104.9,1140,1129.67,1128.71,6035.823468
2/21/2017 0:00,1487635200,1081.95,1132.95,1089.98,1128.29,7487.524018
2/20/2017 0:00,1487548800,1051.36,1095,1059.88,1089.82,4434.441985
2/19/2017 0:00,1487462400,1051.26,1067.78,1062.14,1059.88,3025.414245
2/18/2017 0:00,1487376000,1055.6,1073.8,1057.29,1062.15,3934.747885
2/17/2017 0:00,1487289600,1036.29,1064.6,1038.95,1057.3,6334.698454
2/16/2017 0:00,1487203200,1013.02,1041.88,1014.58,1038.94,5996.293233
2/15/2017 0:00,1487116800,1007.66,1016,1013.92,1014.53,4494.350168
2/14/2017 0:00,1487030400,992.27,1018.97,1002.88,1013.92,5910.490328
2/13/2017 0:00,1486944000,985.68,1021.5,1009.99,1002.82,4721.740583
2/12/2017 0:00,1486857600,1008,1018.88,1018.63,1010,1315.729558
2/11/2017 0:00,1486771200,995.49,1023.89,1001.88,1018.65,4321.970596
2/10/2017 0:00,1486684800,961,1008,993.58,1001.99,7943.676337
2/9/2017 0:00,1486598400,925,1079,1057.22,994.24,16568.7478
2/8/2017 0:00,1486512000,1016.49,1069.95,1053.95,1056.7,6978.83072
2/7/2017 0:00,1486425600,1021.75,1058.26,1022.65,1053.96,5492.408809
2/6/2017 0:00,1486339200,1014.64,1027.7,1016.32,1022.58,4366.043601
2/5/2017 0:00,1486252800,1003.02,1036.3,1035.54,1016.32,4621.391691
2/4/2017 0:00,1486166400,1001.8,1044.12,1018.48,1035.54,4793.805226
2/3/2017 0:00,1486080000,994.34,1024.5,1008.4,1018,6776.269718
2/2/2017 0:00,1485993600,978.74,1010,992.75,1008.38,5728.212381
2/1/2017 0:00,1485907200,963.84,992.75,970.01,992.75,5993.625966
1/31/2017 0:00,1485820800,922.94,972.3,923.26,970.01,6732.262787
1/30/2017 0:00,1485734400,914.69,923.95,916.56,923.23,3621.542862
1/29/2017 0:00,1485648000,915,927.47,924.69,916.54,2592.343654
1/28/2017 0:00,1485561600,921.81,925.5,922.89,924.98,2634.537997
1/27/2017 0:00,1485475200,911,924.47,917.02,922.63,3719.065486
1/26/2017 0:00,1485388800,896,921.95,896.75,917.02,4718.082533
1/25/2017 0:00,1485302400,886.99,903.98,887,896,4535.104576
1/24/2017 0:00,1485216000,880,923,911.78,887,6401.735153
1/23/2017 0:00,1485129600,910.63,931.33,929.45,910.7,4141.432274
1/22/2017 0:00,1485043200,902,946.25,925.06,931.22,5044.143548
1/21/2017 0:00,1484956800,891.28,930,894.31,925.06,4666.660889
1/20/2017 0:00,1484870400,890,904.59,902.92,894.31,3110.589742
1/19/2017 0:00,1484784000,883.08,907,887.98,902.92,5070.18463
1/18/2017 0:00,1484697600,850,916.7,906.09,887.99,6937.986524
1/17/2017 0:00,1484611200,830.1,909,834.4,906,7253.478571
1/16/2017 0:00,1484524800,826.03,840,833.43,834.41,3428.79193
1/15/2017 0:00,1484438400,819,835,828,833.31,2941.915049
1/14/2017 0:00,1484352000,822.34,847.52,831.42,828,4774.303776
1/13/2017 0:00,1484265600,782.85,835.01,812.25,831.42,10492.63371
1/12/2017 0:00,1484179200,734.64,840,795.8,812.25,13200.42288
1/11/2017 0:00,1484092800,765,923.98,906.81,795.77,19443.39656
1/10/2017 0:00,1484006400,899.01,915.1,902.66,907,7220.16436
1/9/2017 0:00,1483920000,886.42,923.58,922.04,902.66,5909.578122
1/8/2017 0:00,1483833600,899.16,953.8,908.99,923.33,5410.003499
1/7/2017 0:00,1483747200,802.07,910,895.78,909,11215.10285
1/6/2017 0:00,1483660800,875.01,1033.85,1007,895.71,14262.50427
1/5/2017 0:00,1483574400,880,1175,1131.1,1007,20446.39562
1/4/2017 0:00,1483488000,1018,1147,1020.69,1130.3,16222.23027
1/3/2017 0:00,1483401600,1006.71,1036.99,1011.52,1020.67,8614.250058
1/2/2017 0:00,1483315200,990.52,1034.39,992.96,1011.45,7723.635752
1/1/2017 0:00,1483228800,964.37,1000,973.37,992.95,4421.502883
12/31/2016 0:00,1483142400,949,973.37,961.52,973.37,3837.287886
12/30/2016 0:00,1483056000,930.3,970.51,970.51,960.81,7945.76302
12/29/2016 0:00,1482969600,950.5,988.88,982.25,970.72,8997.859016
12/28/2016 0:00,1482883200,923.95,983.46,925.28,982.17,9792.326831
12/27/2016 0:00,1482796800,895,943.36,902.08,925.2,6719.939131
12/26/2016 0:00,1482710400,890,908.24,895.94,902.09,3297.896755
12/25/2016 0:00,1482624000,851.11,897.4,891.59,896.12,5380.147457
12/24/2016 0:00,1482537600,880.1,918.19,917.28,891.5,6458.029767
12/23/2016 0:00,1482451200,855.45,918.5,856.45,917.26,12735.17421
12/22/2016 0:00,1482364800,832.38,875.75,834.15,856.02,8778.210641
12/21/2016 0:00,1482278400,798.88,834.5,798.98,834.5,8432.75065
12/20/2016 0:00,1482192000,788.58,799.21,791,798.99,5925.200601
12/19/2016 0:00,1482105600,789,794.99,790.71,790.81,5496.383811
12/18/2016 0:00,1482019200,787.19,791.96,788.98,790.72,2847.045848
12/17/2016 0:00,1481932800,779.5,791.97,780.85,788.57,4364.330371
12/16/2016 0:00,1481846400,774.8,785,776.16,780.98,5719.662389
12/15/2016 0:00,1481760000,775,780,777.66,776.16,5927.487861
12/14/2016 0:00,1481673600,773.2,781.8,776.65,777.66,4486.584603
12/13/2016 0:00,1481587200,772.76,790.34,779.26,776.18,5414.740745
12/12/2016 0:00,1481500800,770.88,782,771.05,778.94,4390.036899
12/11/2016 0:00,1481414400,765,776.08,776.05,771.05,3105.092013
12/10/2016 0:00,1481328000,770,776.99,773.15,775.87,3365.899261
12/9/2016 0:00,1481241600,765.97,773.22,767.9,773.22,3932.480593
12/8/2016 0:00,1481155200,761.71,772.82,764.34,767.89,4839.328278
12/7/2016 0:00,1481068800,750.26,768.9,759.93,764.34,4572.320141
12/6/2016 0:00,1480982400,752,761.58,752.01,759.8,4499.073551
12/5/2016 0:00,1480896000,748.6,767.99,767.94,752,4823.731027
12/4/2016 0:00,1480809600,762.83,769.76,766.86,767.99,2759.91257
12/3/2016 0:00,1480723200,759,771.92,769.78,766.98,3180.082053
12/2/2016 0:00,1480636800,753.53,780,754,769.25,6041.034453
12/1/2016 0:00,1480550400,741.59,754.9,742.51,754,4190.189912
11/30/2016 0:00,1480464000,729.17,745,732.44,742.69,3949.902876
11/29/2016 0:00,1480377600,728.2,734.36,730.18,732.37,3807.462589
11/28/2016 0:00,1480291200,729,736.44,729.24,729.77,3864.893591
11/27/2016 0:00,1480204800,728.01,737.95,735.69,729.24,2682.661663
11/26/2016 0:00,1480118400,726,739.98,739.51,735.7,2706.775296
11/25/2016 0:00,1480032000,729,739.99,737.99,739.74,3157.806107
11/24/2016 0:00,1479945600,727,743.99,741.51,737.99,3472.600904
11/23/2016 0:00,1479859200,734,747.12,746.66,741.52,3626.956521
11/22/2016 0:00,1479772800,726.38,748.77,736.39,746.66,4276.841577
11/21/2016 0:00,1479686400,730,738.47,731.72,736.4,2984.943658
11/20/2016 0:00,1479600000,715,753.81,750.77,731.99,4322.125036
11/19/2016 0:00,1479513600,738,752.3,748.55,750.77,2953.711108
11/18/2016 0:00,1479427200,728.89,751,729.61,748.54,4633.637146
11/17/2016 0:00,1479340800,729.01,750.01,738.07,730.71,4171.453534
11/16/2016 0:00,1479254400,710,743.8,711.92,739.85,6194.458275
11/15/2016 0:00,1479168000,671.23,716.3,708.4,712.29,4793.812484
11/14/2016 0:00,1479081600,695.07,708.57,704.01,708.32,4818.753349
11/13/2016 0:00,1478995200,685.7,705.94,704.63,704.01,4207.775868
11/12/2016 0:00,1478908800,702.42,716.99,716.56,704.53,3130.220572
11/11/2016 0:00,1478822400,712.5,718.99,713,716.9,3363.915775
11/10/2016 0:00,1478736000,705.84,723.61,721,712.91,4441.883913
11/9/2016 0:00,1478649600,710.05,747.26,711.3,720.97,12022.23321
11/8/2016 0:00,1478563200,704.16,716.45,706.41,711.15,4358.979483
11/7/2016 0:00,1478476800,701.35,717.32,717.04,706.42,4168.787363
11/6/2016 0:00,1478390400,705.86,719.83,706.98,717.02,3013.176279
11/5/2016 0:00,1478304000,697.72,707.99,706.05,706.99,2999.21458
11/4/2016 0:00,1478217600,683.8,708.33,690,706.32,5229.219946
11/3/2016 0:00,1478131200,672.06,746.16,744.61,690,10331.34964
11/2/2016 0:00,1478044800,720,744.6,730.7,744.6,5095.750854
11/1/2016 0:00,1477958400,695.74,737.5,697.07,730.7,6909.181966
10/31/2016 0:00,1477872000,681.01,709.68,697.39,696.9,4474.837055
10/30/2016 0:00,1477785600,692.04,714.98,714.28,697.41,3799.522356
10/29/2016 0:00,1477699200,689.39,725.64,689.95,714.28,6583.498969
10/28/2016 0:00,1477612800,683.2,691.19,691.01,689.95,4409.98654
10/27/2016 0:00,1477526400,673.54,692.41,674,691.21,6771.853748
10/26/2016 0:00,1477440000,652.51,678,654.3,674,5843.137066
10/25/2016 0:00,1477353600,648.99,657.5,649.98,654.3,4814.888392
10/24/2016 0:00,1477267200,645.81,652.93,651.05,649.98,3670.471418
10/23/2016 0:00,1477180800,645.33,655.8,653.03,651.04,3075.739567
10/22/2016 0:00,1477094400,629.32,658,630.67,652.75,4585.374521
10/21/2016 0:00,1477008000,627.5,633.41,628.19,630.83,4162.76985
10/20/2016 0:00,1476921600,626.01,629.99,629.79,628.05,4170.466267
10/19/2016 0:00,1476835200,625.6,636.99,635.12,629.79,4465.148288
10/18/2016 0:00,1476748800,632.15,640,639.56,635.11,4122.092098
10/17/2016 0:00,1476662400,636.27,643.47,642.1,639.56,3950.231671
10/16/2016 0:00,1476576000,637.87,643.91,638.16,641.92,2544.927687
10/15/2016 0:00,1476489600,636,639.99,638.03,638.16,683.7980709
10/14/2016 0:00,1476403200,624.08,639.99,635.8,638.03,4365.823113
10/13/2016 0:00,1476316800,632,639.85,635.9,635.66,3829.227812
10/12/2016 0:00,1476230400,631.91,643.58,642.3,635.79,4334.375426
10/11/2016 0:00,1476144000,618.13,647.03,618.72,642.12,6316.467361
10/10/2016 0:00,1476057600,615.46,619.2,617.43,618.72,3896.595826
10/9/2016 0:00,1475971200,617,619.59,619.46,617.42,2329.862077
10/8/2016 0:00,1475884800,617.55,620,618.11,619.5,2793.955354
10/7/2016 0:00,1475798400,609.89,618.7,611.78,617.98,5119.9889
10/6/2016 0:00,1475712000,610.3,613.39,613.16,611.88,3920.075316
10/5/2016 0:00,1475625600,609.22,614.24,610.33,613.16,4454.403695
10/4/2016 0:00,1475539200,606.93,613.23,612.99,610.34,5060.863128
10/3/2016 0:00,1475452800,610.7,615.24,612.42,612.99,4436.782815
10/2/2016 0:00,1475366400,608.66,615.9,615.65,612.4,2911.891891
10/1/2016 0:00,1475280000,608.98,617.19,608.99,615.65,3480.015939
9/30/2016 0:00,1475193600,605,608.99,605.99,608.99,4626.81937
9/29/2016 0:00,1475107200,603.56,606.89,604.96,605.99,4106.824056
9/28/2016 0:00,1475020800,603.18,606,605.71,605.04,3710.012072
9/27/2016 0:00,1474934400,601.38,607.54,607.04,605.71,4345.518889
9/26/2016 0:00,1474848000,600.02,607.99,601.67,607.08,4292.32724
9/25/2016 0:00,1474761600,599.42,605.99,603.69,601.67,2577.178704
9/24/2016 0:00,1474675200,601.08,605.94,602.96,603.68,2646.497598
9/23/2016 0:00,1474588800,595.14,603.3,595.99,602.96,3759.023691
9/22/2016 0:00,1474502400,594.78,598.54,597,596.21,3998.40601
9/21/2016 0:00,1474416000,592.63,605.6,605.6,597,4885.897041
9/20/2016 0:00,1474329600,605.6,609.92,608.6,605.6,4601.032849
9/19/2016 0:00,1474243200,607.4,612.46,611.4,608.6,3096.468538
9/18/2016 0:00,1474156800,607.22,611.93,607.92,611.4,3091.455133
9/17/2016 0:00,1474070400,604,608.99,607.95,607.92,2942.649088
9/16/2016 0:00,1473984000,603.15,608.1,605.43,607.93,4171.005633
9/15/2016 0:00,1473897600,603.33,609.49,608.47,605.44,3965.68195
9/14/2016 0:00,1473811200,608,611.99,608.39,608.43,3744.743174
9/13/2016 0:00,1473724800,605.16,609.99,606.86,608.63,3888.070523
9/12/2016 0:00,1473638400,603,609.45,607.94,606.74,3986.146107
9/11/2016 0:00,1473552000,591.8,630.11,623.58,607.94,4289.624776
9/10/2016 0:00,1473465600,620.59,626.54,622.07,623.74,2819.131508
9/9/2016 0:00,1473379200,618.25,628.69,627.97,622.07,4502.865576
9/8/2016 0:00,1473292800,613.43,631.3,615.22,627.97,5225.036773
9/7/2016 0:00,1473206400,609.21,618.53,612.99,615.21,4680.957717
9/6/2016 0:00,1473120000,605.47,612.99,605.93,612.99,4169.697885
9/5/2016 0:00,1473033600,601.63,611.99,611.94,605.69,3010.750032
9/4/2016 0:00,1472947200,597.52,617.13,600.93,611.92,4592.850982
9/3/2016 0:00,1472860800,574.67,600.99,576.41,600.91,4705.759982
9/2/2016 0:00,1472774400,570,577.97,572.94,576.21,4827.434599
9/1/2016 0:00,1472688000,568.12,573.31,572.89,573.02,5202.788266
8/31/2016 0:00,1472601600,569.21,575.15,574.95,572.89,4439.623837
8/30/2016 0:00,1472515200,572.53,576.83,573.21,574.95,4175.846464
8/29/2016 0:00,1472428800,571.24,577.73,575.41,573.21,4569.562484
8/28/2016 0:00,1472342400,569.65,575.41,570.83,575.41,2587.454261
8/27/2016 0:00,1472256000,568.95,579.45,579.29,570.84,3059.493089
8/26/2016 0:00,1472169600,574.85,579.86,575.57,579.29,3354.183171
8/25/2016 0:00,1472083200,573.12,579,578.68,575.58,4109.112561
8/24/2016 0:00,1471996800,575.29,582.68,582.39,578.47,3857.023188
8/23/2016 0:00,1471910400,577.47,586.77,585.19,582.39,5092.274625
8/22/2016 0:00,1471824000,579.22,586.99,581.34,585.2,4493.42137
8/21/2016 0:00,1471737600,579.34,583.99,581.72,581.29,2442.633748
8/20/2016 0:00,1471651200,572.38,583.92,573.68,581.87,3581.224253
8/19/2016 0:00,1471564800,572.68,576.99,574.05,573.67,4038.303001
8/18/2016 0:00,1471478400,573,576.99,574.45,574.09,3964.98843
8/17/2016 0:00,1471392000,569.67,581.99,579.02,574.45,4509.774374
8/16/2016 0:00,1471305600,566.09,581.99,567.85,579.02,4692.461825
8/15/2016 0:00,1471219200,561.56,574.97,574.97,567.79,4403.161735
8/14/2016 0:00,1471132800,565.19,586.49,586.45,574.99,4154.476982
8/13/2016 0:00,1471046400,586,589.5,587.68,586.45,2839.685347
8/12/2016 0:00,1470960000,583.62,590.09,587.9,587.74,3870.890688
8/11/2016 0:00,1470873600,585.6,599.99,594.94,587.91,5062.531838
8/10/2016 0:00,1470787200,583.29,601.09,586.75,594.94,9439.699478
8/9/2016 0:00,1470700800,585.38,594.04,591.58,586.45,4817.626247
8/8/2016 0:00,1470614400,590,595.99,595.14,591.48,3851.871624
8/7/2016 0:00,1470528000,587.2,598.65,591.7,595.14,3288.586372
8/6/2016 0:00,1470441600,574.5,591.72,583,591.71,3907.648812
8/5/2016 0:00,1470355200,570.39,592.87,587.5,583,5478.388796
8/4/2016 0:00,1470268800,562.11,599.95,573.35,587.5,9514.328375
8/3/2016 0:00,1470182400,519.3,576,538.8,573.36,20292.85972
8/2/2016 0:00,1470096000,483,613.38,604.87,537.47,14826.15616
8/1/2016 0:00,1470009600,599,629.34,626.97,605.2,7981.717874
7/31/2016 0:00,1469923200,621.37,657,655.95,626.97,6299.641383
7/30/2016 0:00,1469836800,652.95,658.98,657.18,655.87,2980.075415
7/29/2016 0:00,1469750400,651,659,657.4,657,4246.212695
7/28/2016 0:00,1469664000,654.1,659.97,657,657.4,3832.988409
7/27/2016 0:00,1469577600,646.56,658.99,654.06,657.35,5175.141374
7/26/2016 0:00,1469491200,645,658.99,657.99,654.06,6470.740222
7/25/2016 0:00,1469404800,653.77,664.13,660.92,657.79,4101.537738
7/24/2016 0:00,1469318400,655.01,666.37,657.68,661,3423.08123
7/23/2016 0:00,1469232000,653.92,662.35,654.7,657.5,4379.511406
7/22/2016 0:00,1469145600,647.59,669.94,667.27,654.67,7371.964666
7/21/2016 0:00,1469059200,661.19,668.4,667.15,667.28,3967.871808
7/20/2016 0:00,1468972800,664.6,674.99,673.98,666.92,3603.8628
7/19/2016 0:00,1468886400,666.17,676.87,675.51,673.98,3799.771178
7/18/2016 0:00,1468800000,670,684.94,680,675.5,4547.721785
7/17/2016 0:00,1468713600,665.95,680.99,666.3,680,3944.424024
7/16/2016 0:00,1468627200,662.01,669.99,667.48,666.32,2907.916825
7/15/2016 0:00,1468540800,660.68,669.98,661.4,667.48,4725.743612
7/14/2016 0:00,1468454400,640,663.99,655.3,661.65,4649.643695
7/13/2016 0:00,1468368000,654.86,671.45,666.25,655.34,21879.12923
7/12/2016 0:00,1468281600,648.6,675.5,651.25,666.56,10666.06971
7/11/2016 0:00,1468195200,648.11,664.27,652.43,650.97,4815.437046
7/10/2016 0:00,1468108800,641,657.61,657.6,652.44,3705.894148
7/9/2016 0:00,1468022400,608,667.3,667.07,657.61,9607.695915
7/8/2016 0:00,1467936000,638.04,667.33,641.97,667.33,11055.34874
7/7/2016 0:00,1467849600,611.94,683.44,678.79,641.97,12280.7356
7/6/2016 0:00,1467763200,665,680.79,669.75,678.79,5668.238078
7/5/2016 0:00,1467676800,662.51,682.37,681.98,669.87,5043.811827
7/4/2016 0:00,1467590400,653.16,683.69,664.09,681.98,4327.410769
7/3/2016 0:00,1467504000,651,705.25,705.25,663.55,6495.708463
7/2/2016 0:00,1467417600,676.92,705.21,678.09,704.95,4976.840469
7/1/2016 0:00,1467331200,667,688.99,673.5,678.19,6839.688542
6/30/2016 0:00,1467244800,635.14,675,639.41,673.49,7764.246468
6/29/2016 0:00,1467158400,630.02,648.43,648.43,639.42,6485.126858
6/28/2016 0:00,1467072000,638,663.53,657.86,648.43,5696.746777
6/27/2016 0:00,1466985600,630,659.98,638.56,657.87,6624.339802
6/26/2016 0:00,1466899200,625.01,675.19,673.71,638.56,5678.386015
6/25/2016 0:00,1466812800,650,699,669.98,673.71,7691.553237
6/24/2016 0:00,1466726400,631.01,700,631.1,669.98,19078.84531
6/23/2016 0:00,1466640000,544.13,637.89,606.13,631.1,20474.00221
6/22/2016 0:00,1466553600,568.11,679.99,667.88,604.5,15589.03576
6/21/2016 0:00,1466467200,628.6,718.26,706.47,667.66,26110.57887
6/20/2016 0:00,1466380800,701.01,768.94,768.94,703.12,9837.193847
6/19/2016 0:00,1466294400,744.77,771.92,759,768.76,5442.638785
6/18/2016 0:00,1466208000,734.8,785.15,752,758.99,9594.677584
6/17/2016 0:00,1466121600,709.01,778.5,769.71,752.26,14007.08245
6/16/2016 0:00,1466035200,698.76,777.68,698.76,769.76,16806.85874
6/15/2016 0:00,1465948800,673,699.3,684.99,698.78,7913.035471
6/14/2016 0:00,1465862400,650.02,706.45,706.02,684.95,12443.09556
6/13/2016 0:00,1465776000,663.55,720,677.45,706.01,15497.38307
6/12/2016 0:00,1465689600,605,687.71,609.5,677.86,17999.14438
6/11/2016 0:00,1465603200,580.31,610,580.31,609.5,5542.195259
6/10/2016 0:00,1465516800,573.5,581,577.47,580.31,5659.426617
6/9/2016 0:00,1465430400,574,583.48,583.19,577.46,4979.63044
6/8/2016 0:00,1465344000,572.96,583.99,579.72,583.21,5661.749173
6/7/2016 0:00,1465257600,475,590.95,586.75,579.71,10079.79684
6/6/2016 0:00,1465171200,575,588.15,575.17,586.77,6791.124535
6/5/2016 0:00,1465084800,570.22,585,576.31,575.17,4984.249448
6/4/2016 0:00,1464998400,564.29,594.64,571.09,576.31,6932.055378
6/3/2016 0:00,1464912000,535.96,578,538.06,571.25,10203.60487
6/2/2016 0:00,1464825600,531.86,541.2,534.85,537.87,6329.789029
6/1/2016 0:00,1464739200,524.39,541.5,531.25,534.84,5736.393832
5/31/2016 0:00,1464652800,520.01,544.9,532.56,531.34,8491.502681
5/30/2016 0:00,1464566400,519,541,525.22,532.55,5960.283634
5/29/2016 0:00,1464480000,491.01,549.99,523.35,525.22,9957.362243
5/28/2016 0:00,1464393600,470.13,539.49,471.21,523.25,12107.1028
5/27/2016 0:00,1464307200,454.35,476.75,454.97,471.27,9887.704488
5/26/2016 0:00,1464220800,449,454.99,451.45,454.97,5843.55712
5/25/2016 0:00,1464134400,446.86,452.42,446.98,451.49,6166.400219
5/24/2016 0:00,1464048000,440.5,448.5,445.56,446.99,6536.782474
5/23/2016 0:00,1463961600,440.79,446.3,442.45,445.67,5659.316472
5/22/2016 0:00,1463875200,440.89,446.45,446.27,442.48,3779.572741
5/21/2016 0:00,1463788800,441.88,446.99,445.52,446.28,3945.718212
5/20/2016 0:00,1463702400,435.5,445.85,437.91,445.65,7178.735362
5/19/2016 0:00,1463616000,435,456.41,455.56,438.38,8405.793789
5/18/2016 0:00,1463529600,453.6,457.88,454.19,455.56,5512.263782
5/17/2016 0:00,1463443200,452.2,457.49,455.64,454.19,6033.908426
5/16/2016 0:00,1463356800,451.48,461.59,461.48,455.66,6019.172367
5/15/2016 0:00,1463270400,458.49,463.62,458.9,461.47,3269.848525
5/14/2016 0:00,1463184000,456,459.83,457.97,458.9,3295.159707
5/13/2016 0:00,1463097600,453.84,458.03,456.48,457.98,5404.14703
5/12/2016 0:00,1463011200,449.27,456.57,454.56,456.48,6119.044625
5/11/2016 0:00,1462924800,452.5,458.65,452.77,454.37,5746.405494
5/10/2016 0:00,1462838400,448.2,465,464.15,452.78,6814.257055
5/9/2016 0:00,1462752000,459.41,465.9,462.6,464.16,5882.86057
5/8/2016 0:00,1462665600,457.5,465,461.91,462.79,3275.577942
5/7/2016 0:00,1462579200,459.55,464,462.31,461.91,3463.880206
5/6/2016 0:00,1462492800,448.84,463.73,449.99,462.31,6191.747205
5/5/2016 0:00,1462406400,447,451.56,448.59,449.98,5335.376912
5/4/2016 0:00,1462320000,446.76,453.23,452.21,448.68,4883.540015
5/3/2016 0:00,1462233600,443.61,453.29,446.53,452.21,5892.436384
5/2/2016 0:00,1462147200,440.02,457.63,456.98,446.42,7694.118232
5/1/2016 0:00,1462060800,451.55,457.07,454.02,456.98,2938.622487
4/30/2016 0:00,1461974400,450.13,459.33,458.8,454.02,4710.229505
4/29/2016 0:00,1461888000,448.5,459.44,451.67,458.82,5965.09735
4/28/2016 0:00,1461801600,434.79,451.88,445.3,451.68,7644.692105
4/27/2016 0:00,1461715200,434,470.79,470.3,445.31,11629.44258
4/26/2016 0:00,1461628800,464.01,472.11,466.17,470.59,7471.115562
4/25/2016 0:00,1461542400,454.65,472.38,464.47,466.17,9491.732949
4/24/2016 0:00,1461456000,454.55,465,455.68,464.46,6187.523777
4/23/2016 0:00,1461369600,447.03,455.84,448.57,455.69,4618.067159
4/22/2016 0:00,1461283200,445.07,452.95,452.25,448.41,6814.742387
4/21/2016 0:00,1461196800,441.99,453.8,442.87,452.25,7693.431009
4/20/2016 0:00,1461110400,436.17,444.07,437.06,442.96,7150.956695
4/19/2016 0:00,1461024000,429.22,438.2,430.9,437.06,6226.595281
4/18/2016 0:00,1460937600,428.44,434.46,431.08,430.97,5277.321206
4/17/2016 0:00,1460851200,429.15,434.93,433.69,431,3299.693958
4/16/2016 0:00,1460764800,429.89,434.89,430.82,433.39,4133.985987
4/15/2016 0:00,1460678400,425.72,431.1,426.35,430.93,4184.009391
4/14/2016 0:00,1460592000,424.52,428,425.58,426.32,4732.226722
4/13/2016 0:00,1460505600,423.59,429.44,427.8,425.58,5885.045145
4/12/2016 0:00,1460419200,423.14,429.77,423.95,427.8,6997.023518
4/11/2016 0:00,1460332800,420.15,424,423.29,423.94,5093.218252
4/10/2016 0:00,1460246400,419.46,423.99,419.46,423.4,2990.036644
4/9/2016 0:00,1460160000,415.51,419.79,419.48,419.46,3519.989111
4/8/2016 0:00,1460073600,415.71,424.65,421.99,419.48,6434.750026
4/7/2016 0:00,1459987200,419.41,422.74,421.36,421.99,5026.131187
4/6/2016 0:00,1459900800,420.61,423,422.4,421.46,5211.961402
4/5/2016 0:00,1459814400,418.01,423.43,419.48,422.36,5727.686296
4/4/2016 0:00,1459728000,417.58,421,420.08,419.47,5323.835295
4/3/2016 0:00,1459641600,418.33,420.8,419.95,420.16,3266.973813
4/2/2016 0:00,1459555200,417.04,420.5,417.68,419.95,3944.831484
4/1/2016 0:00,1459468800,414.12,417.68,416.03,417.68,5353.913184
3/31/2016 0:00,1459382400,412.74,417.6,412.97,416.03,5235.542784
3/30/2016 0:00,1459296000,407.56,416.41,416.4,412.79,5831.493604
3/29/2016 0:00,1459209600,407.75,424.62,422.92,416.39,7361.855275
3/28/2016 0:00,1459123200,419.63,425.36,425.29,423,5717.860071
3/27/2016 0:00,1459036800,416.35,426.5,416.96,425.3,4658.098031
3/26/2016 0:00,1458950400,414.37,417.77,416.42,416.97,3641.002857
3/25/2016 0:00,1458864000,411,416.87,412.86,416.41,4598.661038
3/24/2016 0:00,1458777600,410,417.72,417.53,412.95,5064.589365
3/23/2016 0:00,1458691200,413.95,418.99,416.66,417.53,5506.919453
3/22/2016 0:00,1458604800,411,417.79,411.98,416.66,6124.691856
3/21/2016 0:00,1458518400,406.89,412.13,411.25,412,6020.518108
3/20/2016 0:00,1458432000,409.36,415.34,410.09,411.27,4726.107175
3/19/2016 0:00,1458345600,404.72,411,409.66,410.2,4840.133579
3/18/2016 0:00,1458259200,399.21,418.66,418.42,409.65,8597.586764
3/17/2016 0:00,1458172800,415.7,419.75,416.06,418.41,6108.443285
3/16/2016 0:00,1458086400,413,416.39,415.41,416.07,6274.808811
3/15/2016 0:00,1458000000,412.48,416.94,415.02,415.41,7355.0796
3/14/2016 0:00,1457913600,411.61,415.84,412.51,415.02,6672.712652
3/13/2016 0:00,1457827200,410.01,416.38,410.56,412.52,4663.328797
3/12/2016 0:00,1457740800,406.52,421.3,419.48,410.58,6897.105099
3/11/2016 0:00,1457654400,414.97,421,415.98,419.39,7041.458143
3/10/2016 0:00,1457568000,410.71,416.52,412.64,415.98,7908.753867
3/9/2016 0:00,1457481600,408.75,414,411.18,412.8,5399.235362
3/8/2016 0:00,1457395200,407.4,416.33,412.21,411.18,7501.476496
3/7/2016 0:00,1457308800,395,418.74,403.24,412.21,9910.744242
3/6/2016 0:00,1457222400,385.01,409.27,396.13,403.24,7675.136563
3/5/2016 0:00,1457136000,381.09,408.83,407.38,396.08,14903.14778
3/4/2016 0:00,1457049600,405.5,422.21,418.76,407.35,8960.953572
3/3/2016 0:00,1456963200,408.63,422.8,420.44,418.8,11833.70173
3/2/2016 0:00,1456876800,418.36,435.36,433.03,420.39,7437.578435
3/1/2016 0:00,1456790400,427.5,437.78,436.41,433.08,7580.221063
2/29/2016 0:00,1456704000,431.13,442,433.73,436.44,7578.890069
2/28/2016 0:00,1456617600,423,436.07,433.09,433.73,5149.93009
2/27/2016 0:00,1456531200,430.14,434.97,430.84,433.12,5520.630269
2/26/2016 0:00,1456444800,419.53,430.85,423.51,430.85,6782.037465
2/25/2016 0:00,1456358400,418.6,426.44,423.87,423.54,6049.818115
2/24/2016 0:00,1456272000,410,425.6,420.32,423.94,7232.166365
2/23/2016 0:00,1456185600,414.16,440.9,437.45,419.97,9159.032245
2/22/2016 0:00,1456099200,430.95,439,438.56,437.55,5131.799883
2/21/2016 0:00,1456012800,426.01,448.7,438.04,438.56,7111.144586
2/20/2016 0:00,1455926400,420.09,444.03,420.72,437.46,9368.571657
2/19/2016 0:00,1455840000,416,422,421.18,420.72,5800.217532
2/18/2016 0:00,1455753600,415.01,423.2,415.18,421.19,6518.637612
2/17/2016 0:00,1455667200,405.69,420.13,407.41,415.2,8707.134003
2/16/2016 0:00,1455580800,390,407.5,398.94,407.42,5647.185571
2/15/2016 0:00,1455494400,394.03,409.09,406.62,398.95,6568.485383
2/14/2016 0:00,1455408000,391,406.92,391,406.59,7555.16485
2/13/2016 0:00,1455321600,381.99,396,382.05,391,5978.856472
2/12/2016 0:00,1455235200,377.46,382.05,378.23,382.05,6162.125623
2/11/2016 0:00,1455148800,360,379.5,378.49,378.23,10412.36372
2/10/2016 0:00,1455062400,371.87,383.34,372.76,378.44,9734.302825
2/9/2016 0:00,1454976000,370.13,374.93,371.02,372.68,8424.552208
2/8/2016 0:00,1454889600,370.5,379.35,377.47,371.14,7094.208578
2/7/2016 0:00,1454803200,373.24,379.81,375.44,377.49,4162.419111
2/6/2016 0:00,1454716800,370.05,384.54,384.44,375.44,6276.644737
2/5/2016 0:00,1454630400,382.99,389.36,387.99,384.5,7443.844332
2/4/2016 0:00,1454544000,368.74,390.63,368.87,387.99,8887.718644
2/3/2016 0:00,1454457600,365.63,373.01,372.93,368.87,7147.956573
2/2/2016 0:00,1454371200,371.17,374.41,371.33,372.93,6856.218158
2/1/2016 0:00,1454284800,366.26,379,367.89,371.33,7931.229229
1/31/2016 0:00,1454198400,365,382.5,378.46,367.95,5506.516813
1/30/2016 0:00,1454112000,375,382.04,378.68,378.46,4154.296422
1/29/2016 0:00,1454025600,363.25,385.05,379.63,378.68,12105.29044
1/28/2016 0:00,1453939200,377.12,395,394.6,379.61,9103.715499
1/27/2016 0:00,1453852800,390.7,397.18,391.7,394.79,6324.16419
1/26/2016 0:00,1453766400,387.78,397,391.4,391.54,6981.0099
1/25/2016 0:00,1453680000,386.41,403.04,403.04,391.4,6491.999812
1/24/2016 0:00,1453593600,387.49,406.93,387.5,403.05,3550.831772
1/23/2016 0:00,1453507200,382.55,398.72,382.93,387.5,6308.750022
1/22/2016 0:00,1453420800,373.86,413.99,409.02,382.9,13430.10304
1/21/2016 0:00,1453334400,403.21,424.78,418.89,409.38,8736.813799
1/20/2016 0:00,1453248000,369,425.1,375.28,418.54,13874.44166
1/19/2016 0:00,1453161600,370,385.5,384.79,375.27,8133.05001
1/18/2016 0:00,1453075200,370.1,386.1,378.47,384.89,8711.459756
1/17/2016 0:00,1452988800,372,391,388.7,378.46,8278.401793
1/16/2016 0:00,1452902400,350.92,391,357.59,388.7,17985.12878
1/15/2016 0:00,1452816000,357.3,430.29,430.04,357.53,28641.65359
1/14/2016 0:00,1452729600,428,435.27,432.7,430.03,5672.929562
1/13/2016 0:00,1452643200,425,437.5,434.01,432.77,9009.140709
1/12/2016 0:00,1452556800,431.83,449.44,449.26,434.01,6596.945453
1/11/2016 0:00,1452470400,445.88,452.65,449.99,449.19,5597.614183
1/10/2016 0:00,1452384000,442.96,451.39,450.39,449.99,3954.3224
1/9/2016 0:00,1452297600,447.66,456,454.41,450.38,4247.348651
1/8/2016 0:00,1452211200,447.53,464.4,459.07,454.44,8347.05504
1/7/2016 0:00,1452124800,430.64,460.15,430.66,459.07,13906.59573
1/6/2016 0:00,1452038400,428.15,433.46,433.32,430.87,5476.869959
1/5/2016 0:00,1451952000,430,435.64,433.84,433.34,5150.049476
1/4/2016 0:00,1451865600,431.37,435.79,431.9,433.85,5894.445723
1/3/2016 0:00,1451779200,425.02,435.75,435.4,431.91,3904.325318
1/2/2016 0:00,1451692800,432.41,437.56,435.67,435.4,3276.709621
1/1/2016 0:00,1451606400,427.92,437.15,430.35,435.66,3863.277451
12/31/2015 0:00,1451520000,419.04,434,427.9,430.35,6480.693574
12/30/2015 0:00,1451433600,422.35,434.99,433.89,427.95,4884.61573
12/29/2015 0:00,1451347200,419.31,433.9,421.94,433.89,6387.097139
12/28/2015 0:00,1451260800,418,429.9,424.73,421.94,6929.617995
12/27/2015 0:00,1451174400,410.02,429.85,419.41,424.72,5568.97684
12/26/2015 0:00,1451088000,410,458.29,455.82,419.41,13505.22265
12/25/2015 0:00,1451001600,450.01,458.99,455.74,455.84,3482.660512
12/24/2015 0:00,1450915200,442.42,460,442.43,455.74,6860.177531
12/23/2015 0:00,1450828800,428.29,445.11,433.94,442.43,7571.530727
12/22/2015 0:00,1450742400,432.58,442,436.85,433.92,6659.301969
12/21/2015 0:00,1450656000,424.66,444.44,442.36,436.81,6845.941204
12/20/2015 0:00,1450569600,430,461.3,461.29,442.22,8376.383353
12/19/2015 0:00,1450483200,451.58,465.6,463.14,461.29,6991.384363
12/18/2015 0:00,1450396800,453.28,465.1,455.5,463.17,5045.110025
12/17/2015 0:00,1450310400,446.01,456.33,453.96,455.5,6287.108041
12/16/2015 0:00,1450224000,440,464.73,464.5,453.97,35979.09462
12/15/2015 0:00,1450137600,443.76,464.95,444.03,464.27,11008.15686
12/14/2015 0:00,1450051200,429.12,450,433.38,444.01,165529.9555
12/13/2015 0:00,1449964800,419.42,443.83,436.9,433.83,6720.0136
12/12/2015 0:00,1449878400,403,469.34,452.95,436.87,29525.04537
12/11/2015 0:00,1449792000,415.67,453.13,415.68,452.95,13643.48645
12/10/2015 0:00,1449705600,408,419.5,418.39,415.68,7117.838237
12/9/2015 0:00,1449619200,401,425,417.84,418.39,13811.70779
12/8/2015 0:00,1449532800,386.69,418.94,394.73,418.94,8264.814572
12/7/2015 0:00,1449446400,383,397.57,387.53,394.73,7578.120343
12/6/2015 0:00,1449360000,375.22,401.01,388.03,387.55,9639.654835
12/5/2015 0:00,1449273600,363.97,390,363.98,387.99,8731.839301
12/4/2015 0:00,1449187200,355.43,364.85,361.89,363.98,5864.705649
12/3/2015 0:00,1449100800,356.52,369.99,360,361.77,7242.504373
12/2/2015 0:00,1449014400,347.55,363.06,362.68,360,8966.988242
12/1/2015 0:00,1448928000,354.6,378.94,376.88,362.68,9267.044086
11/30/2015 0:00,1448841600,367.5,382.87,372.25,376.86,11425.77473
11/29/2015 0:00,1448755200,354.26,373.63,357.24,372.24,5537.923139
11/28/2015 0:00,1448668800,351.09,359.63,358.2,357.24,5553.054495
11/27/2015 0:00,1448582400,347.96,364.46,352.56,358.19,7234.790706
11/26/2015 0:00,1448496000,328.98,368.18,328.99,352.57,14023.74766
11/25/2015 0:00,1448409600,316.26,330.06,320.96,328.98,7870.714162
11/24/2015 0:00,1448323200,318,323.17,323.01,321,5234.691119
11/23/2015 0:00,1448236800,322,326,323.72,323,4797.364622
11/22/2015 0:00,1448150400,321,327,326.99,323.71,3426.178602
11/21/2015 0:00,1448064000,316.33,328,322.39,327,5125.958809
11/20/2015 0:00,1447977600,311.23,327.04,326.53,322.39,9324.440814
11/19/2015 0:00,1447891200,324.9,336.38,335.5,326.41,6719.935931
11/18/2015 0:00,1447804800,330,338,336.49,335.49,5204.310117
11/17/2015 0:00,1447718400,330.1,340.72,332.85,336.49,7262.456987
11/16/2015 0:00,1447632000,316.12,334.1,322.94,332.89,7295.396515
11/15/2015 0:00,1447545600,319.89,336.46,334.67,322.93,6329.302827
11/14/2015 0:00,1447459200,329.4,339.57,338.08,334.71,6008.710164
11/13/2015 0:00,1447372800,325,343,336.49,338.07,10203.5364
11/12/2015 0:00,1447286400,312.24,344.99,313.2,336.49,15784.18818
11/11/2015 0:00,1447200000,293.32,341.75,337.14,313.2,18098.18829
11/10/2015 0:00,1447113600,322,382.23,379.55,337.14,16694.81226
11/9/2015 0:00,1447027200,360.8,386.96,373.84,379.53,11225.64568
11/8/2015 0:00,1446940800,363.58,389,384.8,373.83,7459.01456
11/7/2015 0:00,1446854400,371.43,392,374.26,384.81,8396.124566
11/6/2015 0:00,1446768000,351,395,387.21,374.09,20035.7791
11/5/2015 0:00,1446681600,366.66,450,410,387.21,27227.97062
11/4/2015 0:00,1446595200,368.15,499.99,404.06,410,50603.94225
11/3/2015 0:00,1446508800,362.07,422.3,365.14,404.1,40167.73664
11/2/2015 0:00,1446422400,326.07,371.82,329.45,365.21,19748.72447
11/1/2015 0:00,1446336000,311.44,332,314.84,329.46,10727.63253
10/31/2015 0:00,1446249600,306.29,334.28,329.11,314.85,15213.51811
10/30/2015 0:00,1446163200,315.9,336.97,316.07,329.11,16826.97283
10/29/2015 0:00,1446076800,301.8,320.99,304.1,316.08,12247.51378
10/28/2015 0:00,1445990400,295.65,308.93,295.68,304.09,16047.51077
10/27/2015 0:00,1445904000,286.89,297.99,287.1,295.61,11123.68179
10/26/2015 0:00,1445817600,282.04,287.68,284.97,287.1,7477.924219
10/25/2015 0:00,1445731200,283.28,295.93,284.29,284.97,10695.35837
10/24/2015 0:00,1445644800,278.75,284.49,278.76,284.29,5507.976725
10/23/2015 0:00,1445558400,275.4,281.17,275.76,278.76,7072.844704
10/22/2015 0:00,1445472000,268.75,280,268.77,275.84,8695.883883
10/21/2015 0:00,1445385600,265,272.85,271.16,268.77,6195.066469
10/20/2015 0:00,1445299200,264.38,272.95,265.09,271.14,4648.356853
10/19/2015 0:00,1445212800,262.05,268.23,265,265.17,5364.101325
10/18/2015 0:00,1445126400,262.94,273.5,272.88,265,5660.018133
10/17/2015 0:00,1445040000,263.05,274.81,263.45,272.87,11034.18731
10/16/2015 0:00,1444953600,254.86,267.6,254.98,263.43,9215.97339
10/15/2015 0:00,1444867200,253.18,256.77,253.25,254.99,6678.826144
10/14/2015 0:00,1444780800,250.25,255,250.98,253.27,7587.356674
10/13/2015 0:00,1444694400,244.86,251.5,246.43,250.99,6502.185266
10/12/2015 0:00,1444608000,245.89,249.14,249.01,246.39,5402.186085
10/11/2015 0:00,1444521600,245.63,250,246.06,249.02,4323.256124
10/10/2015 0:00,1444435200,243.8,246.1,244.44,246.07,3688.533414
10/9/2015 0:00,1444348800,241.1,244.88,242.94,244.35,4935.025522
10/8/2015 0:00,1444262400,242.2,245.38,244,242.94,5622.451568
10/7/2015 0:00,1444176000,240.2,247.96,246.7,244,8821.959795
10/6/2015 0:00,1444089600,240.31,248,240.93,246.64,9574.101464
10/5/2015 0:00,1444003200,237.5,240.98,239.87,240.95,7487.561723
10/4/2015 0:00,1443916800,239.07,240.28,239.93,239.87,3794.120856
10/3/2015 0:00,1443830400,237.73,240.62,238.31,239.92,4332.270319
10/2/2015 0:00,1443744000,236.97,239.4,238.34,238.28,5907.549292
10/1/2015 0:00,1443657600,236.9,239.86,237.1,238.34,5676.938915
9/30/2015 0:00,1443571200,236.26,238.75,236.88,237.14,5479.432846
9/29/2015 0:00,1443484800,236.65,241.05,239.96,236.89,6984.746615
9/28/2015 0:00,1443398400,233.53,240.52,233.53,239.99,8114.322178
9/27/2015 0:00,1443312000,233.2,235.03,234.67,233.58,3302.854502
9/26/2015 0:00,1443225600,233.5,236.2,235.88,234.69,4167.952469
9/25/2015 0:00,1443139200,234.02,237.62,235.35,235.89,6186.862838
9/24/2015 0:00,1443052800,230.09,235.99,230.26,235.27,9375.094142
9/23/2015 0:00,1442966400,229.27,233,231.31,230.26,6357.676049
9/22/2015 0:00,1442880000,224.45,232.5,227.31,231.28,8900.966602
9/21/2015 0:00,1442793600,226.87,233.64,232.26,227.31,7599.804816
9/20/2015 0:00,1442707200,231.84,234,232.88,232.24,3683.553989
9/19/2015 0:00,1442620800,232,234.31,233.78,232.88,3604.571903
9/18/2015 0:00,1442534400,231.75,234.96,233.31,233.78,4688.450795
9/17/2015 0:00,1442448000,229.01,235.93,229.72,233.34,7527.998306
9/16/2015 0:00,1442361600,226.85,232,230.67,229.73,7655.652988
9/15/2015 0:00,1442275200,230.26,232.43,231.02,230.6,7118.307926
9/14/2015 0:00,1442188800,228.01,233.99,230.83,231.01,7984.562513
9/13/2015 0:00,1442102400,229.72,236.91,236.5,230.82,5004.429976
9/12/2015 0:00,1442016000,235.26,241.12,240.9,236.5,5480.204714
9/11/2015 0:00,1441929600,238.5,241.54,238.55,240.9,5856.642801
9/10/2015 0:00,1441843200,236.69,241.4,238.74,238.52,5811.401953
9/9/2015 0:00,1441756800,238.6,244.69,244.24,238.75,6819.436268
9/8/2015 0:00,1441670400,240.31,247.82,241.31,244.14,8297.938855
9/7/2015 0:00,1441584000,239.21,242.98,241.26,241.31,4902.581161
9/6/2015 0:00,1441497600,235.54,244.82,236.2,241.29,5273.539693
9/5/2015 0:00,1441411200,230.12,237.24,231.43,236.01,5615.319754
9/4/2015 0:00,1441324800,227.24,232.49,227.24,231.39,7070.61136
9/3/2015 0:00,1441238400,226.48,230.79,229.95,227.25,6669.681585
9/2/2015 0:00,1441152000,226.43,231.43,228.22,229.97,7461.084198
9/1/2015 0:00,1441065600,226.42,233.5,230.76,228.22,8592.482973
8/31/2015 0:00,1440979200,225.23,233,229.4,230.75,6986.515719
8/30/2015 0:00,1440892800,226.59,233.47,230.61,229.39,4975.990742
8/29/2015 0:00,1440806400,228,233.95,231.55,230.61,4469.251131
8/28/2015 0:00,1440720000,221.2,236.18,225.62,231.55,9155.348865
8/27/2015 0:00,1440633600,224,229.99,226.72,225.8,7891.14647
8/26/2015 0:00,1440547200,220.16,231.97,223.73,226.81,9756.262621
8/25/2015 0:00,1440460800,198.02,229.49,211.16,223.73,19685.20578
8/24/2015 0:00,1440374400,210,229.24,229.23,211.16,16523.77944
8/23/2015 0:00,1440288000,226.15,233.25,231.16,229.21,4312.61769
8/22/2015 0:00,1440201600,222.68,235.53,232.85,231.15,7195.674489
8/21/2015 0:00,1440115200,231.15,236.99,235.56,232.85,8328.567903
8/20/2015 0:00,1440028800,227.45,238.2,227.46,235.56,8819.525082
8/19/2015 0:00,1439942400,214.91,238.99,221.99,227.34,13329.69034
8/18/2015 0:00,1439856000,200,258.04,257.56,221.99,11541.0643
8/17/2015 0:00,1439769600,255.58,261.57,259.2,257.31,6966.759706
8/16/2015 0:00,1439683200,255.67,263.1,262.45,259.2,5493.637488
8/15/2015 0:00,1439596800,261.77,267.69,266.21,262.46,4116.06182
8/14/2015 0:00,1439510400,262.5,267.98,264.48,266.17,6859.07697
8/13/2015 0:00,1439424000,262.94,267.82,266.81,264.67,5343.423018
8/12/2015 0:00,1439337600,265.79,272.4,271.99,266.94,6350.256019
8/11/2015 0:00,1439251200,264.91,271.99,265.15,271.99,5796.144793
8/10/2015 0:00,1439164800,263.17,268.89,267.6,265.15,5478.582149
8/9/2015 0:00,1439078400,260.97,268.8,262.02,267.63,5046.976875
8/8/2015 0:00,1438992000,260.07,280.16,280.06,262.02,6085.449437
8/7/2015 0:00,1438905600,277.05,281.17,279.37,279.94,5212.456901
8/6/2015 0:00,1438819200,278.95,282.61,282.44,279.65,5027.855641
8/5/2015 0:00,1438732800,282.01,286.25,285.6,282.77,5765.487797
8/4/2015 0:00,1438646400,280.11,286.47,280.95,285.51,5580.22053
8/3/2015 0:00,1438560000,280.27,285.86,282.62,280.95,4741.729107
8/2/2015 0:00,1438473600,277.33,282.62,281.53,282.62,3361.086689
8/1/2015 0:00,1438387200,277.26,285.6,285.2,281.53,3932.449751
7/31/2015 0:00,1438300800,282.79,290,288.49,285.19,5676.618459
7/30/2015 0:00,1438214400,286.56,291.56,290.26,288.49,5138.981549
7/29/2015 0:00,1438128000,289.01,296.58,295.74,290.19,5223.454012
7/28/2015 0:00,1438041600,293.65,298,294.22,295.76,5761.869618
7/27/2015 0:00,1437955200,287.24,297,293.88,294.21,6461.033135
7/26/2015 0:00,1437868800,288.65,294.49,289.68,293.89,3735.129603
7/25/2015 0:00,1437782400,286.82,291.67,289.12,289.7,4102.45296
7/24/2015 0:00,1437696000,276.43,291.52,277.23,289.12,7362.469083
7/23/2015 0:00,1437609600,276.28,279.75,277.96,277.39,5306.821575
7/22/2015 0:00,1437523200,275.01,278.54,277.33,277.89,4687.909383
7/21/2015 0:00,1437436800,276.85,281.27,279.96,277.32,4943.559434
7/20/2015 0:00,1437350400,273.34,280,275.6,280,5476.616589
7/19/2015 0:00,1437264000,275,278.48,277.71,275.61,3464.186676
7/18/2015 0:00,1437177600,276.34,282.71,280.14,277.71,4279.260899
7/17/2015 0:00,1437091200,272.64,281.38,279.38,280.58,6977.017447
7/16/2015 0:00,1437004800,275,292.78,285.7,279.38,8604.671233
7/15/2015 0:00,1436918400,284.98,294.11,287.48,285.7,7589.801453
7/14/2015 0:00,1436832000,286.25,297.78,292.93,287.51,7146.061481
7/13/2015 0:00,1436745600,281.62,312.91,312.19,293.08,12936.00278
7/12/2015 0:00,1436659200,293.5,316.52,294.29,312.16,12917.99076
7/11/2015 0:00,1436572800,284.5,299,286.71,294.23,8509.597835
7/10/2015 0:00,1436486400,269,294.71,269.77,286.67,15892.68092
7/9/2015 0:00,1436400000,267.1,272.5,271.5,269.75,6970.282247
7/8/2015 0:00,1436313600,264.41,273.97,266.18,270.97,7798.115881
7/7/2015 0:00,1436227200,264.5,272.11,269.78,266.18,6984.362158
7/6/2015 0:00,1436140800,268.27,277.88,272.17,269.94,10013.45459
7/5/2015 0:00,1436054400,258.99,275.25,260.64,271.74,8452.802362
7/4/2015 0:00,1435968000,254.4,261,256.94,260.64,4091.546242
7/3/2015 0:00,1435881600,252.77,257.37,254.86,256.95,4782.983465
7/2/2015 0:00,1435795200,253,262,258.96,254.85,6283.471265
7/1/2015 0:00,1435708800,255.12,265.45,263.83,259.02,8238.711988
6/30/2015 0:00,1435622400,255.91,269.39,257.53,263.82,12009.66611
6/29/2015 0:00,1435536000,249.09,257.99,249.11,257.54,10401.40873
6/28/2015 0:00,1435449600,247.51,251.87,251.46,249.11,4290.974554
6/27/2015 0:00,1435363200,242.6,252.22,242.99,251.59,5287.866191
6/26/2015 0:00,1435276800,239.91,243.1,242.46,243,6539.247585
6/25/2015 0:00,1435190400,239.91,243.44,240.14,242.44,5678.555488
6/24/2015 0:00,1435104000,239.51,244.92,244.54,240.04,5323.510725
6/23/2015 0:00,1435017600,243.01,248.06,247.48,244.52,5295.436787
6/22/2015 0:00,1434931200,243.86,248.5,244.66,247.5,5569.179519
6/21/2015 0:00,1434844800,242,246.98,246.08,244.66,3694.453851
6/20/2015 0:00,1434758400,240.46,246.99,246.33,246.13,4371.21458
6/19/2015 0:00,1434672000,245.04,251.05,249.33,246.33,6096.257949
6/18/2015 0:00,1434585600,243.51,253.29,250.18,249.27,8234.705713
6/17/2015 0:00,1434499200,247,259.46,251.88,250.25,9886.200905
6/16/2015 0:00,1434412800,236.01,253.26,236.92,251.91,10434.11815
6/15/2015 0:00,1434326400,233.6,238.5,233.61,236.99,6051.862528
6/14/2015 0:00,1434240000,232.53,235,233.49,233.6,2314.736341
6/13/2015 0:00,1434153600,228.79,233.49,229.21,233.47,4139.573721
6/12/2015 0:00,1434067200,229.01,231.32,229.68,229.47,6060.531626
6/11/2015 0:00,1433980800,228.7,230.92,228.79,229.69,5605.950051
6/10/2015 0:00,1433894400,227.98,230.45,229.31,228.73,5978.994559
6/9/2015 0:00,1433808000,228.31,232.06,229.1,229.18,6346.630669
6/8/2015 0:00,1433721600,223.63,230.16,223.88,229.1,6964.054852
6/7/2015 0:00,1433635200,222.88,226.09,225.48,223.89,3622.80286
6/6/2015 0:00,1433548800,224.27,225.61,225.03,225.48,3610.501475
6/5/2015 0:00,1433462400,223.01,226.74,224.57,224.97,6597.663972
6/4/2015 0:00,1433376000,223.56,226.07,225.85,224.57,5968.043964
6/3/2015 0:00,1433289600,223.82,227.45,225.83,225.86,6865.493523
6/2/2015 0:00,1433203200,221.84,226.68,223.55,225.85,9002.969518
6/1/2015 0:00,1433116800,221.58,230.99,230.18,223.56,10192.01765
5/31/2015 0:00,1433030400,229.55,233.94,233.61,230.21,5912.287985
5/30/2015 0:00,1432944000,231,236.99,236.89,233.55,6280.907999
5/29/2015 0:00,1432857600,235.01,237.68,237.25,236.89,6398.981364
5/28/2015 0:00,1432771200,236.23,238.48,237.35,237.34,6022.721944
5/27/2015 0:00,1432684800,236.47,238.75,236.8,237.35,6580.275994
5/26/2015 0:00,1432598400,235.81,238.34,237.39,236.79,6214.217661
5/25/2015 0:00,1432512000,236.71,241.4,240.68,237.43,3984.514852
5/24/2015 0:00,1432425600,238.27,242,239.38,240.82,3406.303168
5/23/2015 0:00,1432339200,237.89,240.64,240.41,239.36,3726.980144
5/22/2015 0:00,1432252800,235.11,242,235.77,240.45,7695.087239
5/21/2015 0:00,1432166400,234.16,236.74,234.55,235.77,6237.883652
5/20/2015 0:00,1432080000,232.54,235,232.58,234.54,7055.11718
5/19/2015 0:00,1431993600,231.53,234.92,234.04,232.59,6915.073053
5/18/2015 0:00,1431907200,231.66,237.89,237.1,234.04,7092.733767
5/17/2015 0:00,1431820800,236.7,238.45,236.72,237.12,4917.894131
5/16/2015 0:00,1431734400,235.48,237.99,237.91,236.73,2739.830774
5/15/2015 0:00,1431648000,236.89,239,237.39,237.82,9083.087909
5/14/2015 0:00,1431561600,232.61,240,236.93,237.46,10365.96804
5/13/2015 0:00,1431475200,235.54,244.13,242.04,236.32,10028.94688
5/12/2015 0:00,1431388800,240.37,243.4,242.74,242.03,6322.571412
5/11/2015 0:00,1431302400,239.5,245.49,241.59,242.86,6176.481242
5/10/2015 0:00,1431216000,239.63,244.89,242.59,241.57,5050.480057
5/9/2015 0:00,1431129600,240,247.6,244.44,242.5,5018.675194
5/8/2015 0:00,1431043200,236.35,247.06,237.97,244.54,8424.712219
5/7/2015 0:00,1430956800,228.67,239.18,230,237.99,8754.81338
5/6/2015 0:00,1430870400,228.38,237.87,236.76,230,7836.314385
5/5/2015 0:00,1430784000,232,240,239.75,236.76,9267.39429
5/4/2015 0:00,1430697600,238.06,243.99,240.88,239.75,8837.539186
5/3/2015 0:00,1430611200,234.26,242.97,235.94,240.78,5731.798159
5/2/2015 0:00,1430524800,233,237.15,233.15,235.94,6183.713436
5/1/2015 0:00,1430438400,233.01,238.78,236.78,233.14,9969.21613
4/30/2015 0:00,1430352000,225.1,240,225.78,236.81,11345.96898
4/29/2015 0:00,1430265600,220.2,227.3,225.39,225.6,6765.636714
4/28/2015 0:00,1430179200,220.46,229.04,227.41,225.64,6806.317447
4/27/2015 0:00,1430092800,218.78,231.11,221.27,227.58,12011.70902
4/26/2015 0:00,1430006400,215.56,227.91,227.05,221.27,9493.089147
4/25/2015 0:00,1429920000,226.83,233.67,231.51,227.05,4932.995887
4/24/2015 0:00,1429833600,230.12,236.93,235.95,231.51,6481.071437
4/23/2015 0:00,1429747200,232.79,236.54,233.96,235.99,6599.331243
4/22/2015 0:00,1429660800,232.78,238.6,235.89,233.98,7390.953141
4/21/2015 0:00,1429574400,224.01,235.89,225.35,235.89,9517.598668
4/20/2015 0:00,1429488000,223.45,227.45,224.03,225.37,7501.120793
4/19/2015 0:00,1429401600,223.44,226.72,224.04,224.03,4655.053915
4/18/2015 0:00,1429315200,222.18,224.04,223.55,224.02,4495.801824
4/17/2015 0:00,1429228800,220.46,230.08,229.45,223.62,7338.967548
4/16/2015 0:00,1429142400,223.66,230.75,224.35,229.45,8248.389761
4/15/2015 0:00,1429056000,218.09,224.52,221.05,224.35,8708.367431
4/14/2015 0:00,1428969600,216.92,226.9,225.42,221.05,12054.59608
4/13/2015 0:00,1428883200,220.77,238,237.57,225.73,11641.75795
4/12/2015 0:00,1428796800,234.02,239.16,237.91,237.55,4387.154726
4/11/2015 0:00,1428710400,234.77,239.99,236.78,237.91,5651.466055
4/10/2015 0:00,1428624000,232.35,244.66,244.46,236.78,11482.96192
4/9/2015 0:00,1428537600,239.02,248.16,246.81,244.74,7622.991632
4/8/2015 0:00,1428451200,244.29,255.75,254.23,246.58,7494.495348
4/7/2015 0:00,1428364800,253.45,258.7,256.84,254.27,7876.074058
4/6/2015 0:00,1428278400,255,263,261.49,256.85,7500.093842
4/5/2015 0:00,1428192000,252.06,262,254.37,261.47,5194.855041
4/4/2015 0:00,1428105600,251.26,256.6,255,254.36,4316.351312
4/3/2015 0:00,1428019200,252.59,257.43,254.79,254.84,7181.372973
4/2/2015 0:00,1427932800,245.8,255.24,247.5,254.39,8681.547172
4/1/2015 0:00,1427846400,241.07,248.22,245.5,247.87,9892.613475
3/31/2015 0:00,1427760000,242.87,249.98,248.78,245.5,8102.267003
3/30/2015 0:00,1427673600,237.94,250.06,243.6,248.78,11491.65408
3/29/2015 0:00,1427587200,241,254,253.6,243.69,8522.392785
3/28/2015 0:00,1427500800,247.81,254.99,247.93,253.52,5888.048705
3/27/2015 0:00,1427414400,246.44,250.99,249.76,247.81,8447.892958
3/26/2015 0:00,1427328000,244.92,254.9,246.99,249.88,10904.28827
3/25/2015 0:00,1427241600,234.51,249.99,246.29,246.88,11846.58154
3/24/2015 0:00,1427155200,244.86,268.51,267.54,246.15,17690.10615
3/23/2015 0:00,1427068800,260.81,273.99,269.25,267.53,13635.26985
3/22/2015 0:00,1426982400,259.71,271.27,261.57,269.45,5819.245293
3/21/2015 0:00,1426896000,256.66,263.62,263.31,261.9,6016.588188
3/20/2015 0:00,1426809600,259.31,267.42,263.06,263.31,7566.590872
3/19/2015 0:00,1426723200,249.2,266.8,258.62,263.05,16404.76508
3/18/2015 0:00,1426636800,250,287,286.63,258.5,18679.03701
3/17/2015 0:00,1426550400,284.01,293.69,292.36,286.74,7791.726809
3/16/2015 0:00,1426464000,287.41,294.99,287.99,292.37,8869.056836
3/15/2015 0:00,1426377600,282.5,289.24,283.77,288,4415.880156
3/14/2015 0:00,1426291200,280.86,289,284.37,283.95,7282.596433
3/13/2015 0:00,1426204800,284,296.43,295.87,284,12043.69302
3/12/2015 0:00,1426118400,291.87,298.9,296.98,296.05,9640.873342
3/11/2015 0:00,1426032000,290.51,297.8,293.46,296.99,9776.305695
3/10/2015 0:00,1425945600,289.82,299.48,290.2,293.47,16271.02187
3/9/2015 0:00,1425859200,275,294.42,275.47,290.19,13736.24259
3/8/2015 0:00,1425772800,270.29,278.97,276.86,275.5,5138.529739
3/7/2015 0:00,1425686400,270.55,279.44,273.22,276.89,6221.991415
3/6/2015 0:00,1425600000,269.12,280,276.54,273.23,10144.84013
3/5/2015 0:00,1425513600,262.49,281.09,273.38,276.86,11638.13678
3/4/2015 0:00,1425427200,267.39,287,283.09,273.37,14753.67951
3/3/2015 0:00,1425340800,267.07,289.5,276.79,283.27,18829.85489
3/2/2015 0:00,1425254400,256.6,279.8,260.29,276.7,18217.71586
3/1/2015 0:00,1425168000,244.88,262,255.73,260.24,10419.57556
2/28/2015 0:00,1425081600,250,256.97,254.42,255.59,7486.452152
2/27/2015 0:00,1424995200,236.29,259,237.21,254.42,20701.05178
2/26/2015 0:00,1424908800,234.33,238.47,238.21,237.11,8549.857126
2/25/2015 0:00,1424822400,235.1,241,239.87,238.19,7840.904843
2/24/2015 0:00,1424736000,235.51,241.91,239.49,239.87,8923.566191
2/23/2015 0:00,1424649600,232,240.97,236.83,239.49,10028.20633
2/22/2015 0:00,1424563200,234.01,247.48,245.72,236.83,8279.998721
2/21/2015 0:00,1424476800,244,248.43,245.34,245.99,6213.950503
2/20/2015 0:00,1424390400,239.99,248.32,241.11,245.34,11201.81203
2/19/2015 0:00,1424304000,235.58,245,237.49,240.9,9467.698582
2/18/2015 0:00,1424217600,231.93,246,244.9,237.49,12926.15314
2/17/2015 0:00,1424131200,233,248,234.41,244.82,16806.65257
2/16/2015 0:00,1424044800,229.6,241,235.54,234.68,10505.84218
2/15/2015 0:00,1423958400,228,267.86,256.66,235.54,16940.49411
2/14/2015 0:00,1423872000,236.08,259.98,236.92,256.66,15320.09615
2/13/2015 0:00,1423785600,221.55,242.36,223.2,236.49,15257.97099
2/12/2015 0:00,1423699200,218,224.61,219.96,223.21,7833.47876
2/11/2015 0:00,1423612800,217.46,223.61,221.07,219.81,8986.848177
2/10/2015 0:00,1423526400,215,222,221.13,220.87,5397.879752
2/9/2015 0:00,1423440000,216.45,225,224.01,221.1,6549.989068
2/8/2015 0:00,1423353600,220,231.6,229.16,223.99,4294.595191
2/7/2015 0:00,1423267200,222.67,230.5,223.2,229,4099.998908
2/6/2015 0:00,1423180800,216.03,226.64,216.84,223.2,5693.965067
2/5/2015 0:00,1423094400,215,228.9,227.11,216.76,7405.301529
2/4/2015 0:00,1423008000,221.5,230.99,228.77,227.11,9144.882774
2/3/2015 0:00,1422921600,225.32,243.9,237.01,228.58,8321.942989
2/2/2015 0:00,1422835200,220.89,240.1,228.39,237.83,7451.634216
2/1/2015 0:00,1422748800,210,233.79,218.67,228.99,7233.474722
1/31/2015 0:00,1422662400,217.11,234.67,229,218.45,5595.577391
1/30/2015 0:00,1422576000,227.89,244.59,235,229.07,5774.295652
1/29/2015 0:00,1422489600,221.14,242,235.89,235.03,6637.404348
1/28/2015 0:00,1422403200,228.5,265.99,263.96,236.09,5339.784137
1/27/2015 0:00,1422316800,244.03,278.47,274.73,263.65,1630.211766
1/26/2015 0:00,1422230400,241.43,322.72,262.78,274.48,5180.318794
1/25/2015 0:00,1422144000,245.32,256.26,248.02,254.53,478.7555409
1/24/2015 0:00,1422057600,215,250.58,215,240,1.74
1/23/2015 0:00,1421971200,215,235,230,235,0.180001
1/22/2015 0:00,1421884800,216.59,257.73,245.5,226.32,4.36
1/21/2015 0:00,1421798400,219,225.51,219,225.51,0.13770722
1/20/2015 0:00,1421712000,208,218,215,218,0.04
1/19/2015 0:00,1421625600,210,225.51,210,225.51,0.41
1/17/2015 0:00,1421452800,184,210,210,184,0.112
1/16/2015 0:00,1421366400,189,225.5,210.98,199.46,4.69
1/15/2015 0:00,1421280000,150,224,191.99,204.22,2.97732076
1/14/2015 0:00,1421193600,109.87,221,200,120,11.30463778
1/13/2015 0:00,1421107200,260,260,260,260,1
1/8/2015 0:00,1420675200,264.81,360,360,288.99,10.35
12/18/2014 0:00,1418860800,340,345,345,340,2
12/12/2014 0:00,1418342400,350,379,379,350,3.15
12/10/2014 0:00,1418169600,360.5,398,398,360.5,0.02
12/8/2014 0:00,1417996800,375,375.01,375.01,375,0.235
12/6/2014 0:00,1417824000,378,378,378,378,0.015
12/4/2014 0:00,1417651200,377.1,377.1,377.1,377.1,0.01
12/3/2014 0:00,1417564800,377.01,378,377.9,378,0.54660842
12/2/2014 0:00,1417478400,377,378,377,378,15.0136
12/1/2014 0:00,1417392000,300,370,300,370,0.05655554
Timestamp was unreadable,,,,,,
